para,累积净值,年化收益,最大回撤,最大回撤开始时间,最大回撤结束时间,年化收益/回撤比,盈利笔数,亏损笔数,胜率,每笔交易平均盈亏,盈亏收益比,单笔最大盈利,单笔最大亏损,单笔最长持有时间,单笔最短持有时间,平均持仓周期,最大连续盈利笔数,最大连续亏损笔数,月化收益,币种原始累积净值,币种原始年化收益,币种原始最大回撤,币种原始年化收益/回撤比,回测区间
164,65.03,11.89,-59.43%,2024-03-14 06:00:00,2024-05-08 21:00:00,20.01,25.0,21.0,54.35%,20.65%,4.67,629.12%,-18.17%,37 天 6 小时 0 分钟,0 天 3 小时 0 分钟,12 天 22 小时 5 分钟,4.0,3.0,0.23385264517892157,12.12,3.61,-67.21%,5.37,2021-01-01_2025-01-01
144,78.49,13.47,-72.63%,2024-03-14 06:00:00,2024-05-08 21:00:00,18.54,27.0,25.0,51.92%,19.98%,4.94,682.84%,-36.72%,37 天 5 小时 0 分钟,0 天 3 小时 0 分钟,11 天 10 小时 11 分钟,4.0,4.0,0.2455905295975911,12.12,3.61,-67.21%,5.37,2021-01-01_2025-01-01
170,52.74,10.34,-56.91%,2024-03-14 06:00:00,2024-04-08 09:00:00,18.17,24.0,22.0,52.17%,19.58%,4.73,593.15%,-23.66%,37 天 6 小时 0 分钟,0 天 3 小时 0 分钟,12 天 22 小时 5 分钟,4.0,4.0,0.22090833583945102,12.12,3.61,-67.21%,5.37,2021-01-01_2025-01-01
166,53.62,10.46,-60.71%,2024-03-14 06:00:00,2024-04-08 09:00:00,17.22,23.0,23.0,50.00%,19.93%,5.06,608.90%,-19.12%,37 天 6 小时 0 分钟,0 天 3 小时 0 分钟,12 天 22 小时 5 分钟,4.0,4.0,0.22193023884624163,12.12,3.61,-67.21%,5.37,2021-01-01_2025-01-01
142,61.23,11.43,-68.78%,2024-03-14 06:00:00,2024-05-08 21:00:00,16.61,27.0,25.0,51.92%,19.80%,4.77,708.60%,-39.71%,37 天 5 小时 0 分钟,0 天 3 小时 0 分钟,11 天 10 小时 11 分钟,4.0,4.0,0.23012556634950476,12.12,3.61,-67.21%,5.37,2021-01-01_2025-01-01
140,65.7,11.97,-72.22%,2024-03-14 06:00:00,2024-05-08 21:00:00,16.58,27.0,25.0,51.92%,19.74%,4.83,692.38%,-42.26%,37 天 5 小时 0 分钟,0 天 3 小时 0 分钟,11 天 10 小时 11 分钟,4.0,4.0,0.23448985557862767,12.12,3.61,-67.21%,5.37,2021-01-01_2025-01-01
134,52.64,10.33,-66.01%,2024-03-14 06:00:00,2024-05-08 21:00:00,15.65,31.0,31.0,50.00%,13.77%,4.38,536.38%,-28.28%,37 天 4 小时 0 分钟,0 天 3 小时 0 分钟,9 天 13 小时 48 分钟,4.0,4.0,0.2208026754320176,12.12,3.61,-67.21%,5.37,2021-01-01_2025-01-01
168,43.53,9.08,-59.18%,2024-03-14 06:00:00,2024-05-08 21:00:00,15.35,23.0,23.0,50.00%,19.06%,4.85,591.38%,-19.47%,37 天 6 小时 0 分钟,0 天 3 小时 0 分钟,12 天 22 小时 5 分钟,4.0,4.0,0.2091771816278074,12.12,3.61,-67.21%,5.37,2021-01-01_2025-01-01
172,43.62,9.1,-61.13%,2024-03-14 06:00:00,2024-04-08 09:00:00,14.88,22.0,24.0,47.83%,18.53%,5.3,554.83%,-23.91%,37 天 7 小时 0 分钟,0 天 3 小时 0 分钟,12 天 22 小时 5 分钟,4.0,4.0,0.20930603180352958,12.12,3.61,-67.21%,5.37,2021-01-01_2025-01-01
174,42.94,9.0,-64.09%,2024-03-14 06:00:00,2024-04-08 09:00:00,14.04,20.0,24.0,45.45%,19.66%,5.83,551.96%,-26.63%,41 天 10 小时 0 分钟,0 天 3 小时 0 分钟,13 天 12 小时 13 分钟,4.0,4.0,0.20833907106101357,12.12,3.61,-67.21%,5.37,2021-01-01_2025-01-01
146,57.11,10.91,-79.27%,2024-03-14 06:00:00,2024-05-08 21:00:00,13.76,22.0,30.0,42.31%,19.46%,6.55,674.81%,-38.89%,37 天 5 小时 0 分钟,0 天 3 小时 0 分钟,11 天 10 小时 11 分钟,4.0,7.0,0.22581438419001398,12.12,3.61,-67.21%,5.37,2021-01-01_2025-01-01
156,51.64,10.2,-74.88%,2024-03-14 06:00:00,2024-05-08 21:00:00,13.62,24.0,24.0,50.00%,20.64%,5.0,683.28%,-28.05%,37 天 7 小时 0 分钟,0 天 3 小时 0 分钟,12 天 9 小时 7 分钟,4.0,5.0,0.21961595244608612,12.12,3.61,-67.21%,5.37,2021-01-01_2025-01-01
136,44.95,9.28,-70.19%,2024-03-14 06:00:00,2024-05-08 21:00:00,13.23,27.0,31.0,46.55%,16.38%,5.29,656.50%,-31.51%,37 天 5 小时 0 分钟,0 天 0 小时 0 分钟,10 天 5 小时 43 分钟,4.0,4.0,0.2111302899999803,12.12,3.61,-67.21%,5.37,2021-01-01_2025-01-01
158,47.92,9.69,-75.38%,2024-03-14 06:00:00,2024-05-08 21:00:00,12.86,21.0,27.0,43.75%,19.65%,6.21,640.41%,-26.65%,37 天 6 小时 0 分钟,0 天 3 小时 0 分钟,12 天 9 小时 7 分钟,3.0,7.0,0.21503194769523515,12.12,3.61,-67.21%,5.37,2021-01-01_2025-01-01
148,49.45,9.9,-79.35%,2024-03-14 06:00:00,2024-05-08 21:00:00,12.48,23.0,29.0,44.23%,19.25%,5.86,684.80%,-39.59%,37 天 6 小时 0 分钟,0 天 3 小时 0 分钟,11 天 10 小时 11 分钟,4.0,7.0,0.21695937766154816,12.12,3.61,-67.21%,5.37,2021-01-01_2025-01-01
154,43.09,9.02,-75.43%,2024-03-14 06:00:00,2024-05-08 21:00:00,11.96,24.0,24.0,50.00%,19.56%,4.64,644.78%,-23.69%,37 天 7 小时 0 分钟,0 天 3 小时 0 分钟,12 天 9 小时 7 分钟,4.0,5.0,0.20855617385196612,12.12,3.61,-67.21%,5.37,2021-01-01_2025-01-01
138,41.09,8.73,-73.62%,2024-03-14 06:00:00,2024-05-08 21:00:00,11.86,26.0,30.0,46.43%,17.15%,5.26,671.90%,-41.51%,37 天 5 小时 0 分钟,0 天 3 小时 0 分钟,10 天 14 小时 32 分钟,4.0,4.0,0.20566990470128288,12.12,3.61,-67.21%,5.37,2021-01-01_2025-01-01
176,32.51,7.43,-63.57%,2024-03-14 06:00:00,2024-04-08 09:00:00,11.69,19.0,25.0,43.18%,19.03%,5.79,552.39%,-25.47%,41 天 12 小时 0 分钟,0 天 3 小时 0 分钟,13 天 12 小时 13 分钟,3.0,4.0,0.19153359853929364,12.12,3.61,-67.21%,5.37,2021-01-01_2025-01-01
162,39.63,8.52,-76.74%,2024-03-14 06:00:00,2024-05-08 21:00:00,11.1,25.0,23.0,52.08%,18.94%,4.2,628.24%,-24.50%,37 天 7 小时 0 分钟,0 天 3 小时 0 分钟,12 天 9 小时 7 分钟,4.0,3.0,0.20347138984384494,12.12,3.61,-67.21%,5.37,2021-01-01_2025-01-01
152,36.95,8.12,-75.78%,2024-03-14 06:00:00,2024-05-08 21:00:00,10.72,21.0,31.0,40.38%,18.06%,6.36,658.03%,-26.97%,37 天 6 小时 0 分钟,0 天 3 小时 0 分钟,11 天 10 小时 11 分钟,4.0,7.0,0.19924547421421646,12.12,3.61,-67.21%,5.37,2021-01-01_2025-01-01
160,37.67,8.23,-78.45%,2024-03-14 06:00:00,2024-05-08 21:00:00,10.49,23.0,25.0,47.92%,19.18%,4.95,646.01%,-25.98%,37 天 7 小时 0 分钟,0 天 3 小时 0 分钟,12 天 9 小时 7 分钟,4.0,7.0,0.20041286871652364,12.12,3.61,-67.21%,5.37,2021-01-01_2025-01-01
44,22.75,5.78,-57.43%,2023-06-06 12:00:00,2023-09-24 07:00:00,10.06,71.0,125.0,36.22%,3.98%,4.04,471.77%,-23.42%,12 天 21 小时 0 分钟,0 天 2 小时 0 分钟,3 天 0 小时 0 分钟,4.0,8.0,0.17032835451270567,12.12,3.61,-67.21%,5.37,2021-01-01_2025-01-01
150,30.69,7.14,-78.22%,2024-03-14 06:00:00,2024-05-08 21:00:00,9.13,23.0,31.0,42.59%,16.86%,5.49,643.49%,-34.00%,37 天 7 小时 0 分钟,0 天 3 小时 0 分钟,11 天 0 小时 0 分钟,3.0,7.0,0.1880840859954367,12.12,3.61,-67.21%,5.37,2021-01-01_2025-01-01
180,25.22,6.22,-68.40%,2024-03-14 06:00:00,2024-05-01 09:00:00,9.09,19.0,25.0,43.18%,18.41%,5.7,570.69%,-26.41%,41 天 13 小时 0 分钟,0 天 3 小时 0 分钟,13 天 12 小时 13 分钟,3.0,4.0,0.17639695092272856,12.12,3.61,-67.21%,5.37,2021-01-01_2025-01-01
182,23.6,5.93,-70.58%,2024-03-14 06:00:00,2024-05-01 09:00:00,8.4,20.0,24.0,45.45%,18.23%,5.07,569.46%,-27.37%,41 天 14 小时 0 分钟,0 天 3 小时 0 分钟,13 天 12 小时 13 分钟,4.0,4.0,0.17247075414019708,12.12,3.61,-67.21%,5.37,2021-01-01_2025-01-01
188,25.15,6.21,-73.94%,2024-03-14 06:00:00,2024-05-01 09:00:00,8.39,19.0,23.0,45.24%,17.96%,5.53,521.42%,-22.00%,41 天 17 小时 0 分钟,0 天 3 小时 0 分钟,14 天 3 小时 42 分钟,3.0,3.0,0.1762320838739022,12.12,3.61,-67.21%,5.37,2021-01-01_2025-01-01
190,24.38,6.07,-73.35%,2024-03-14 06:00:00,2024-05-01 09:00:00,8.28,20.0,22.0,47.62%,17.46%,5.0,497.84%,-24.34%,41 天 18 小时 0 分钟,0 天 3 小时 0 分钟,14 天 3 小时 42 分钟,3.0,3.0,0.174403718067073,12.12,3.61,-67.21%,5.37,2021-01-01_2025-01-01
132,23.0,5.82,-71.00%,2024-03-14 06:00:00,2024-05-21 13:00:00,8.2,30.0,32.0,48.39%,11.16%,3.57,439.39%,-30.55%,37 天 4 小时 0 分钟,0 天 3 小时 0 分钟,9 天 13 小时 48 分钟,4.0,4.0,0.17096626186193165,12.12,3.61,-67.21%,5.37,2021-01-01_2025-01-01
178,20.49,5.36,-67.26%,2024-03-14 06:00:00,2024-05-01 09:00:00,7.97,18.0,26.0,40.91%,18.04%,5.74,566.02%,-26.09%,41 天 12 小时 0 分钟,0 天 3 小时 0 分钟,13 天 12 小时 13 分钟,3.0,4.0,0.16418443152945827,12.12,3.61,-67.21%,5.37,2021-01-01_2025-01-01
192,21.04,5.46,-71.15%,2024-03-14 06:00:00,2024-05-01 09:00:00,7.68,22.0,20.0,52.38%,17.51%,3.98,518.51%,-23.36%,41 天 19 小时 0 分钟,0 天 3 小时 0 分钟,14 天 3 小时 42 分钟,3.0,3.0,0.1657381517252272,12.12,3.61,-67.21%,5.37,2021-01-01_2025-01-01
186,19.85,5.23,-75.12%,2024-03-14 06:00:00,2024-05-01 09:00:00,6.97,19.0,25.0,43.18%,16.68%,5.4,515.58%,-27.08%,41 天 16 小时 0 分钟,0 天 3 小时 0 分钟,13 天 12 小时 13 分钟,3.0,4.0,0.1623076605605709,12.12,3.61,-67.21%,5.37,2021-01-01_2025-01-01
184,17.8,4.83,-70.49%,2024-03-14 06:00:00,2024-09-18 15:00:00,6.85,17.0,27.0,38.64%,17.25%,6.31,555.02%,-29.18%,41 天 15 小时 0 分钟,0 天 3 小时 0 分钟,13 天 12 小时 13 分钟,2.0,4.0,0.15595667445025052,12.12,3.61,-67.21%,5.37,2021-01-01_2025-01-01
130,15.66,4.39,-69.97%,2024-03-14 06:00:00,2024-05-21 19:00:00,6.28,30.0,36.0,45.45%,10.43%,3.75,483.61%,-33.32%,37 天 4 小时 0 分钟,0 天 3 小时 0 分钟,8 天 23 小时 49 分钟,4.0,4.0,0.1485416386848979,12.12,3.61,-67.21%,5.37,2021-01-01_2025-01-01
208,14.3,4.1,-66.34%,2024-06-18 13:00:00,2024-11-08 01:00:00,6.18,18.0,23.0,43.90%,19.23%,5.61,628.11%,-30.27%,42 天 5 小时 0 分钟,0 天 3 小时 0 分钟,14 天 12 小时 1 分钟,2.0,3.0,0.14327350270854167,12.12,3.61,-67.21%,5.37,2021-01-01_2025-01-01
56,14.14,4.06,-71.50%,2024-03-05 01:00:00,2024-04-11 20:00:00,5.68,62.0,104.0,37.35%,4.07%,3.5,414.11%,-23.40%,13 天 15 小时 0 分钟,0 天 0 小时 0 分钟,3 天 13 小时 12 分钟,8.0,11.0,0.1426227446119217,12.12,3.61,-67.21%,5.37,2021-01-01_2025-01-01
194,14.3,4.1,-73.67%,2024-03-14 06:00:00,2024-05-01 09:00:00,5.56,20.0,22.0,47.62%,16.24%,4.27,500.05%,-25.02%,41 天 21 小时 0 分钟,0 天 3 小时 0 分钟,14 天 3 小时 42 分钟,3.0,3.0,0.14326939593753463,12.12,3.61,-67.21%,5.37,2021-01-01_2025-01-01
116,13.22,3.86,-69.44%,2024-03-14 06:00:00,2024-11-07 02:00:00,5.56,34.0,38.0,47.22%,9.69%,3.2,497.11%,-39.19%,36 天 23 小时 0 分钟,0 天 3 小时 0 分钟,8 天 5 小时 45 分钟,3.0,4.0,0.13877111413461507,12.12,3.61,-67.21%,5.37,2021-01-01_2025-01-01
46,11.15,3.38,-61.76%,2023-05-19 13:00:00,2023-07-06 08:00:00,5.47,72.0,126.0,36.36%,3.51%,3.69,468.73%,-23.23%,12 天 21 小时 0 分钟,0 天 0 小时 0 分钟,2 天 23 小时 16 分钟,4.0,8.0,0.1290669154838049,12.12,3.61,-67.21%,5.37,2021-01-01_2025-01-01
198,12.54,3.71,-70.49%,2024-03-14 06:00:00,2024-05-01 09:00:00,5.26,21.0,21.0,50.00%,17.01%,3.87,552.25%,-27.53%,41 天 22 小时 0 分钟,0 天 0 小时 0 分钟,14 天 3 小时 42 分钟,5.0,3.0,0.135772881779485,12.12,3.61,-67.21%,5.37,2021-01-01_2025-01-01
196,12.74,3.75,-71.82%,2024-03-14 06:00:00,2024-05-01 09:00:00,5.22,19.0,23.0,45.24%,16.33%,4.72,523.49%,-26.14%,41 天 21 小时 0 分钟,0 天 2 小时 0 分钟,14 天 3 小时 42 分钟,2.0,3.0,0.1366778451716988,12.12,3.61,-67.21%,5.37,2021-01-01_2025-01-01
212,12.05,3.59,-71.21%,2024-06-18 13:00:00,2024-11-08 01:00:00,5.04,19.0,22.0,46.34%,18.26%,4.63,596.76%,-28.65%,42 天 7 小时 0 分钟,0 天 3 小时 0 分钟,14 天 12 小时 1 分钟,4.0,3.0,0.133468263458143,12.12,3.61,-67.21%,5.37,2021-01-01_2025-01-01
58,13.33,3.88,-77.60%,2024-03-05 01:00:00,2024-04-11 20:00:00,5.01,60.0,98.0,37.97%,4.32%,3.49,431.98%,-24.95%,13 天 17 小时 0 分钟,0 天 0 小时 0 分钟,3 天 17 小时 34 分钟,7.0,10.0,0.13923403672666357,12.12,3.61,-67.21%,5.37,2021-01-01_2025-01-01
118,10.75,3.28,-66.83%,2024-03-14 06:00:00,2024-11-07 02:00:00,4.91,33.0,39.0,45.83%,9.51%,3.29,511.76%,-37.34%,36 天 23 小时 0 分钟,0 天 3 小时 0 分钟,8 天 5 小时 45 分钟,4.0,4.0,0.1269846359242106,12.12,3.61,-67.21%,5.37,2021-01-01_2025-01-01
60,13.28,3.87,-81.11%,2024-03-05 01:00:00,2024-04-11 20:00:00,4.78,56.0,92.0,37.84%,4.59%,3.56,420.97%,-25.11%,13 天 20 小时 0 分钟,0 天 1 小时 0 分钟,3 天 23 小时 41 分钟,6.0,10.0,0.13903504456508053,12.12,3.61,-67.21%,5.37,2021-01-01_2025-01-01
94,10.72,3.27,-69.86%,2024-03-14 06:00:00,2024-11-07 02:00:00,4.69,35.0,49.0,41.67%,7.96%,3.71,504.45%,-34.22%,22 天 16 小时 0 分钟,0 天 2 小时 0 分钟,7 天 1 小时 21 分钟,3.0,5.0,0.12679921124557758,12.12,3.61,-67.21%,5.37,2021-01-01_2025-01-01
38,12.09,3.6,-77.16%,2024-05-30 07:00:00,2024-07-31 13:00:00,4.67,89.0,141.0,38.70%,3.30%,3.22,516.21%,-22.30%,12 天 14 小时 0 分钟,0 天 0 小时 0 分钟,2 天 13 小时 13 分钟,4.0,12.0,0.13368386077113725,12.12,3.61,-67.21%,5.37,2021-01-01_2025-01-01
98,12.3,3.65,-78.31%,2024-03-14 06:00:00,2024-11-07 02:00:00,4.66,37.0,47.0,44.05%,7.88%,3.51,475.06%,-33.59%,23 天 14 小时 0 分钟,0 天 0 小时 0 分钟,7 天 1 小时 21 分钟,3.0,5.0,0.13465977690351405,12.12,3.61,-67.21%,5.37,2021-01-01_2025-01-01
210,10.71,3.27,-71.10%,2024-03-14 06:00:00,2024-11-08 01:00:00,4.6,19.0,22.0,46.34%,17.94%,4.61,599.45%,-31.69%,42 天 6 小时 0 分钟,0 天 3 小时 0 分钟,14 天 12 小时 1 分钟,4.0,3.0,0.12674621629492244,12.12,3.61,-67.21%,5.37,2021-01-01_2025-01-01
120,10.42,3.2,-69.93%,2024-03-14 06:00:00,2024-11-07 02:00:00,4.58,32.0,40.0,44.44%,9.39%,3.46,505.85%,-34.37%,36 天 23 小时 0 分钟,0 天 3 小时 0 分钟,8 天 5 小时 45 分钟,4.0,4.0,0.1252073879327782,12.12,3.61,-67.21%,5.37,2021-01-01_2025-01-01
104,11.79,3.53,-77.38%,2024-03-14 06:00:00,2024-11-07 02:00:00,4.56,36.0,44.0,45.00%,8.23%,3.34,475.06%,-40.58%,23 天 19 小时 0 分钟,0 天 3 小时 0 分钟,7 天 9 小时 52 分钟,5.0,5.0,0.13222802853131843,12.12,3.61,-67.21%,5.37,2021-01-01_2025-01-01
128,10.79,3.29,-72.92%,2024-03-14 06:00:00,2024-05-21 19:00:00,4.51,26.0,40.0,39.39%,9.83%,4.36,465.30%,-37.73%,37 天 3 小时 0 分钟,0 天 3 小时 0 分钟,8 天 23 小时 49 分钟,3.0,4.0,0.12716976813213843,12.12,3.61,-67.21%,5.37,2021-01-01_2025-01-01
96,10.81,3.3,-75.40%,2024-03-14 06:00:00,2024-11-07 02:00:00,4.37,37.0,45.0,45.12%,7.91%,3.24,477.45%,-31.57%,23 天 13 小时 0 分钟,0 天 3 小时 0 分钟,7 天 5 小时 30 分钟,3.0,5.0,0.1273062099994482,12.12,3.61,-67.21%,5.37,2021-01-01_2025-01-01
200,10.74,3.28,-75.51%,2024-03-14 06:00:00,2024-05-01 09:00:00,4.34,20.0,21.0,48.78%,16.68%,3.89,535.64%,-28.34%,42 天 0 小时 0 分钟,0 天 3 小时 0 分钟,14 天 12 小时 1 分钟,2.0,3.0,0.1269028424219778,12.12,3.61,-67.21%,5.37,2021-01-01_2025-01-01
246,8.73,2.77,-63.87%,2024-05-27 15:00:00,2024-11-08 01:00:00,4.33,15.0,22.0,40.54%,20.22%,5.83,638.11%,-22.43%,43 天 4 小时 0 分钟,0 天 3 小时 0 分钟,16 天 1 小时 45 分钟,3.0,3.0,0.11520336049298763,12.12,3.61,-67.21%,5.37,2021-01-01_2025-01-01
40,9.26,2.91,-67.53%,2024-05-30 07:00:00,2024-07-31 13:00:00,4.31,74.0,144.0,33.94%,3.25%,3.88,492.19%,-22.10%,12 天 17 小时 0 分钟,0 天 1 小时 0 分钟,2 天 16 小时 38 分钟,3.0,11.0,0.11856735432969567,12.12,3.61,-67.21%,5.37,2021-01-01_2025-01-01
126,9.99,3.09,-73.51%,2024-03-14 06:00:00,2024-05-21 18:00:00,4.21,29.0,37.0,43.94%,9.81%,3.6,475.48%,-37.44%,37 天 2 小时 0 分钟,0 天 3 小时 0 分钟,8 天 23 小时 49 分钟,3.0,4.0,0.12284774859689951,12.12,3.61,-67.21%,5.37,2021-01-01_2025-01-01
206,9.91,3.07,-75.76%,2024-03-14 06:00:00,2024-05-01 09:00:00,4.06,19.0,22.0,46.34%,16.67%,4.22,541.38%,-27.98%,42 天 4 小时 0 分钟,0 天 3 小时 0 分钟,14 天 12 小时 1 分钟,4.0,3.0,0.12237322478570456,12.12,3.61,-67.21%,5.37,2021-01-01_2025-01-01
92,8.73,2.77,-71.23%,2024-03-14 06:00:00,2024-11-07 13:00:00,3.89,36.0,52.0,40.91%,7.55%,3.69,527.02%,-33.46%,22 天 15 小时 0 分钟,0 天 1 小时 0 分钟,6 天 17 小时 36 分钟,3.0,5.0,0.11525012245432209,12.12,3.61,-67.21%,5.37,2021-01-01_2025-01-01
106,8.97,2.83,-73.13%,2024-03-14 06:00:00,2024-11-07 02:00:00,3.87,35.0,47.0,42.68%,7.88%,3.54,502.38%,-40.90%,23 天 19 小时 0 分钟,0 天 3 小时 0 分钟,7 天 5 小时 30 分钟,3.0,5.0,0.11674572810999595,12.12,3.61,-67.21%,5.37,2021-01-01_2025-01-01
108,8.87,2.81,-72.65%,2024-03-14 06:00:00,2024-11-07 02:00:00,3.86,35.0,47.0,42.68%,7.92%,3.5,505.85%,-42.74%,23 天 22 小时 0 分钟,0 天 3 小时 0 分钟,7 天 5 小时 30 分钟,4.0,5.0,0.1161076675631314,12.12,3.61,-67.21%,5.37,2021-01-01_2025-01-01
202,9.02,2.85,-75.34%,2024-03-14 06:00:00,2024-05-01 09:00:00,3.78,18.0,23.0,43.90%,16.78%,4.54,557.27%,-25.42%,42 天 2 小时 0 分钟,0 天 3 小时 0 分钟,14 天 12 小时 1 分钟,2.0,3.0,0.11708240835983563,12.12,3.61,-67.21%,5.37,2021-01-01_2025-01-01
216,8.19,2.62,-70.35%,2024-06-18 13:00:00,2024-11-08 01:00:00,3.73,15.0,24.0,38.46%,17.29%,5.86,560.94%,-26.24%,42 天 10 小时 0 分钟,0 天 3 小时 0 分钟,15 天 5 小时 55 分钟,2.0,3.0,0.11164724191298436,12.12,3.61,-67.21%,5.37,2021-01-01_2025-01-01
100,10.04,3.11,-83.42%,2024-03-14 06:00:00,2024-11-07 02:00:00,3.73,33.0,47.0,41.25%,7.95%,3.73,465.30%,-31.75%,23 天 16 小时 0 分钟,0 天 3 小时 0 分钟,7 天 9 小时 52 分钟,3.0,5.0,0.12313471813354582,12.12,3.61,-67.21%,5.37,2021-01-01_2025-01-01
62,9.4,2.94,-80.04%,2024-03-09 00:00:00,2024-04-11 20:00:00,3.68,54.0,86.0,38.57%,5.12%,3.56,527.31%,-28.74%,13 天 23 小时 0 分钟,0 天 0 小时 0 分钟,4 天 5 小时 12 分钟,6.0,10.0,0.11937192099842187,12.12,3.61,-67.21%,5.37,2021-01-01_2025-01-01
102,9.7,3.02,-82.59%,2024-03-14 06:00:00,2024-11-07 02:00:00,3.66,34.0,46.0,42.50%,7.99%,3.56,475.06%,-39.27%,23 天 17 小时 0 分钟,0 天 3 小时 0 分钟,7 天 9 小时 52 分钟,3.0,5.0,0.12119181440111992,12.12,3.61,-67.21%,5.37,2021-01-01_2025-01-01
240,8.12,2.61,-72.01%,2024-06-18 13:00:00,2024-11-08 01:00:00,3.62,14.0,23.0,37.84%,19.92%,6.43,630.79%,-24.60%,43 天 1 小时 0 分钟,0 天 3 小时 0 分钟,16 天 1 小时 45 分钟,3.0,4.0,0.11119173408943128,12.12,3.61,-67.21%,5.37,2021-01-01_2025-01-01
220,8.15,2.62,-73.76%,2024-06-18 13:00:00,2024-11-08 01:00:00,3.55,14.0,25.0,35.90%,17.57%,6.61,571.26%,-30.10%,42 天 13 小时 0 分钟,0 天 3 小时 0 分钟,15 天 5 小时 55 分钟,2.0,3.0,0.11140657012225952,12.12,3.61,-67.21%,5.37,2021-01-01_2025-01-01
222,8.18,2.62,-74.03%,2024-06-18 13:00:00,2024-11-08 01:00:00,3.54,15.0,24.0,38.46%,16.78%,5.74,526.87%,-31.45%,42 天 15 小时 0 分钟,0 天 3 小时 0 分钟,15 天 5 小时 55 分钟,3.0,3.0,0.11161447992179752,12.12,3.61,-67.21%,5.37,2021-01-01_2025-01-01
242,7.26,2.37,-67.55%,2024-06-18 13:00:00,2024-11-08 01:00:00,3.5,14.0,23.0,37.84%,19.80%,6.25,636.82%,-23.78%,43 天 2 小时 0 分钟,0 天 3 小时 0 分钟,16 天 1 小时 45 分钟,2.0,3.0,0.1049204726896531,12.12,3.61,-67.21%,5.37,2021-01-01_2025-01-01
64,9.01,2.84,-81.93%,2024-03-09 00:00:00,2024-04-11 20:00:00,3.47,45.0,85.0,34.62%,5.81%,4.41,582.38%,-30.12%,20 天 0 小时 0 分钟,0 天 1 小时 0 分钟,4 天 13 小时 4 分钟,5.0,10.0,0.11700288988062235,12.12,3.61,-67.21%,5.37,2021-01-01_2025-01-01
218,7.98,2.57,-73.96%,2024-06-18 13:00:00,2024-11-08 01:00:00,3.47,13.0,26.0,33.33%,17.69%,7.35,576.32%,-28.07%,42 天 12 小时 0 分钟,0 天 3 小时 0 分钟,15 天 5 小时 55 分钟,2.0,3.0,0.11022017736535816,12.12,3.61,-67.21%,5.37,2021-01-01_2025-01-01
204,8.22,2.63,-76.25%,2024-03-14 06:00:00,2024-05-01 09:00:00,3.45,17.0,24.0,41.46%,16.39%,4.81,548.92%,-26.79%,42 天 2 小时 0 分钟,0 天 3 小时 0 分钟,14 天 12 小时 1 分钟,2.0,3.0,0.11188887621178067,12.12,3.61,-67.21%,5.37,2021-01-01_2025-01-01
122,7.86,2.53,-73.85%,2024-03-14 06:00:00,2024-11-07 02:00:00,3.43,32.0,40.0,44.44%,9.06%,3.26,505.85%,-33.31%,37 天 0 小时 0 分钟,0 天 3 小时 0 分钟,8 天 5 小时 45 分钟,3.0,4.0,0.10935430843573912,12.12,3.61,-67.21%,5.37,2021-01-01_2025-01-01
124,7.58,2.46,-72.41%,2024-03-14 06:00:00,2024-11-07 02:00:00,3.4,31.0,43.0,41.89%,8.72%,3.6,502.38%,-34.81%,37 天 1 小时 0 分钟,0 天 2 小时 0 分钟,8 天 0 小时 22 分钟,3.0,4.0,0.10737019363098188,12.12,3.61,-67.21%,5.37,2021-01-01_2025-01-01
90,6.89,2.26,-70.06%,2024-05-01 09:00:00,2024-11-07 13:00:00,3.23,39.0,59.0,39.80%,6.62%,3.56,525.96%,-33.64%,22 天 14 小时 0 分钟,0 天 0 小时 0 分钟,6 天 1 小时 1 分钟,4.0,6.0,0.1020041713444162,12.12,3.61,-67.21%,5.37,2021-01-01_2025-01-01
214,7.4,2.41,-75.68%,2024-03-14 06:00:00,2024-11-08 01:00:00,3.18,17.0,24.0,41.46%,16.22%,4.85,559.95%,-27.65%,42 天 9 小时 0 分钟,0 天 3 小时 0 分钟,14 天 12 小时 1 分钟,2.0,3.0,0.10599231465531456,12.12,3.61,-67.21%,5.37,2021-01-01_2025-01-01
86,6.87,2.26,-76.58%,2024-03-09 00:00:00,2024-11-07 00:00:00,2.95,39.0,67.0,36.79%,6.98%,4.2,616.56%,-34.02%,20 天 17 小时 0 分钟,0 天 1 小时 0 分钟,5 天 14 小时 0 分钟,3.0,10.0,0.10187592154334846,12.12,3.61,-67.21%,5.37,2021-01-01_2025-01-01
112,6.95,2.28,-77.60%,2024-03-14 06:00:00,2024-11-07 02:00:00,2.93,36.0,44.0,45.00%,7.97%,3.04,507.11%,-43.88%,24 天 5 小时 0 分钟,0 天 3 小时 0 分钟,7 天 9 小时 52 分钟,3.0,4.0,0.1024848180605582,12.12,3.61,-67.21%,5.37,2021-01-01_2025-01-01
228,6.98,2.29,-77.99%,2024-06-18 13:00:00,2024-11-08 01:00:00,2.93,14.0,25.0,35.90%,17.76%,6.34,590.15%,-35.08%,42 天 19 小时 0 分钟,0 天 3 小时 0 分钟,15 天 5 小时 55 分钟,2.0,3.0,0.10274145889096342,12.12,3.61,-67.21%,5.37,2021-01-01_2025-01-01
114,6.94,2.28,-78.64%,2024-03-14 06:00:00,2024-11-07 02:00:00,2.89,35.0,45.0,43.75%,7.97%,3.14,497.11%,-41.61%,24 天 9 小时 0 分钟,0 天 3 小时 0 分钟,7 天 9 小时 52 分钟,3.0,4.0,0.10244114448535369,12.12,3.61,-67.21%,5.37,2021-01-01_2025-01-01
234,6.29,2.08,-73.32%,2024-06-18 13:00:00,2024-11-08 01:00:00,2.84,15.0,24.0,38.46%,17.60%,5.71,601.96%,-29.28%,42 天 22 小时 0 分钟,0 天 3 小时 0 分钟,15 天 5 小时 55 分钟,3.0,3.0,0.09696170760115952,12.12,3.61,-67.21%,5.37,2021-01-01_2025-01-01
88,6.84,2.25,-81.91%,2024-03-14 06:00:00,2024-11-07 13:00:00,2.74,41.0,65.0,38.68%,6.18%,3.71,520.90%,-33.96%,21 天 13 小时 0 分钟,0 天 0 小时 0 分钟,5 天 14 小时 0 分钟,4.0,8.0,0.10162190942536053,12.12,3.61,-67.21%,5.37,2021-01-01_2025-01-01
236,6.18,2.05,-75.10%,2024-06-18 13:00:00,2024-11-08 01:00:00,2.73,15.0,24.0,38.46%,19.02%,5.85,664.44%,-30.04%,42 天 23 小时 0 分钟,0 天 3 小时 0 分钟,15 天 5 小时 55 分钟,3.0,4.0,0.09597170346630612,12.12,3.61,-67.21%,5.37,2021-01-01_2025-01-01
42,6.15,2.04,-75.33%,2023-05-19 13:00:00,2023-09-24 07:00:00,2.71,78.0,138.0,36.11%,3.17%,3.4,501.02%,-22.75%,12 天 20 小时 0 分钟,0 天 0 小时 0 分钟,2 天 17 小时 15 分钟,3.0,10.0,0.09572320119832756,12.12,3.61,-67.21%,5.37,2021-01-01_2025-01-01
48,5.46,1.83,-67.73%,2023-05-19 13:00:00,2023-07-06 08:00:00,2.7,61.0,125.0,32.80%,3.30%,3.91,453.33%,-21.43%,13 天 6 小时 0 分钟,0 天 0 小时 0 分钟,3 天 3 小时 56 分钟,4.0,9.0,0.08924512861262701,12.12,3.61,-67.21%,5.37,2021-01-01_2025-01-01
244,5.0,1.68,-62.19%,2024-06-18 13:00:00,2024-11-08 01:00:00,2.7,14.0,23.0,37.84%,18.36%,5.5,620.47%,-23.02%,43 天 3 小时 0 分钟,0 天 3 小时 0 分钟,16 天 1 小时 45 分钟,2.0,3.0,0.0844245306574749,12.12,3.61,-67.21%,5.37,2021-01-01_2025-01-01
110,6.48,2.14,-79.47%,2024-03-14 06:00:00,2024-11-07 02:00:00,2.69,34.0,48.0,41.46%,7.67%,3.49,511.76%,-43.73%,24 天 2 小时 0 分钟,0 天 3 小时 0 分钟,7 天 5 小时 30 分钟,3.0,4.0,0.09865346693907773,12.12,3.61,-67.21%,5.37,2021-01-01_2025-01-01
238,5.78,1.93,-72.20%,2024-06-18 13:00:00,2024-11-08 01:00:00,2.67,13.0,26.0,33.33%,18.33%,7.28,642.31%,-29.58%,43 天 0 小时 0 分钟,0 天 3 小时 0 分钟,15 天 5 小时 55 分钟,2.0,4.0,0.09228730583842548,12.12,3.61,-67.21%,5.37,2021-01-01_2025-01-01
224,6.43,2.13,-80.06%,2024-06-18 13:00:00,2024-11-08 01:00:00,2.66,15.0,24.0,38.46%,16.92%,5.52,560.71%,-34.43%,42 天 16 小时 0 分钟,0 天 3 小时 0 分钟,15 天 5 小时 55 分钟,3.0,3.0,0.09823800340291844,12.12,3.61,-67.21%,5.37,2021-01-01_2025-01-01
226,6.01,2.0,-77.67%,2024-06-18 13:00:00,2024-11-08 01:00:00,2.57,15.0,24.0,38.46%,16.75%,5.42,563.03%,-35.33%,42 天 18 小时 0 分钟,0 天 3 小时 0 分钟,15 天 5 小时 55 分钟,3.0,3.0,0.09443621807930946,12.12,3.61,-67.21%,5.37,2021-01-01_2025-01-01
248,5.27,1.77,-69.36%,2024-03-14 06:00:00,2024-11-08 01:00:00,2.55,14.0,23.0,37.84%,17.97%,5.52,599.83%,-25.92%,43 天 5 小时 0 分钟,0 天 3 小时 0 分钟,16 天 1 小时 45 分钟,2.0,3.0,0.08723507221781768,12.12,3.61,-67.21%,5.37,2021-01-01_2025-01-01
230,5.75,1.92,-75.81%,2024-06-18 13:00:00,2024-11-08 01:00:00,2.53,14.0,25.0,35.90%,16.75%,5.9,568.24%,-34.14%,42 天 20 小时 0 分钟,0 天 3 小时 0 分钟,15 天 5 小时 55 分钟,2.0,3.0,0.0920751099029542,12.12,3.61,-67.21%,5.37,2021-01-01_2025-01-01
84,6.25,2.07,-84.86%,2024-03-09 00:00:00,2024-11-06 23:00:00,2.44,42.0,66.0,38.89%,6.82%,3.73,615.89%,-36.37%,20 天 13 小时 0 分钟,0 天 3 小时 0 分钟,5 天 11 小时 30 分钟,4.0,10.0,0.09661131454783911,12.12,3.61,-67.21%,5.37,2021-01-01_2025-01-01
66,5.86,1.95,-82.13%,2024-03-09 00:00:00,2024-11-06 14:00:00,2.38,47.0,81.0,36.72%,5.49%,3.84,574.78%,-29.93%,20 天 1 小时 0 分钟,0 天 1 小时 0 分钟,4 天 14 小时 47 分钟,3.0,10.0,0.09303807598602587,12.12,3.61,-67.21%,5.37,2021-01-01_2025-01-01
232,5.14,1.72,-74.66%,2024-06-18 13:00:00,2024-11-08 01:00:00,2.31,15.0,24.0,38.46%,15.94%,5.09,546.24%,-33.09%,42 天 21 小时 0 分钟,0 天 3 小时 0 分钟,15 天 5 小时 55 分钟,3.0,3.0,0.08587240696963305,12.12,3.61,-67.21%,5.37,2021-01-01_2025-01-01
76,6.27,2.08,-89.99%,2024-03-09 00:00:00,2024-11-06 11:00:00,2.31,42.0,74.0,36.21%,6.22%,4.11,594.89%,-27.36%,20 天 6 小时 0 分钟,0 天 3 小时 0 分钟,5 天 2 小时 21 分钟,3.0,10.0,0.09682347264188018,12.12,3.61,-67.21%,5.37,2021-01-01_2025-01-01
80,5.86,1.95,-86.71%,2024-03-09 00:00:00,2024-11-06 19:00:00,2.25,40.0,72.0,35.71%,6.75%,4.35,638.69%,-32.46%,20 天 9 小时 0 分钟,0 天 2 小时 0 分钟,5 天 6 小时 46 分钟,3.0,8.0,0.09312713667723171,12.12,3.61,-67.21%,5.37,2021-01-01_2025-01-01
82,5.14,1.73,-84.66%,2024-03-09 00:00:00,2024-11-06 21:00:00,2.04,40.0,68.0,37.04%,6.47%,3.89,590.43%,-31.28%,20 天 11 小时 0 分钟,0 天 3 小时 0 分钟,5 天 11 小时 30 分钟,4.0,10.0,0.0859058139557487,12.12,3.61,-67.21%,5.37,2021-01-01_2025-01-01
74,5.28,1.77,-87.64%,2024-03-09 00:00:00,2024-07-15 00:00:00,2.02,43.0,79.0,35.25%,5.64%,4.15,581.77%,-27.96%,20 天 5 小时 0 分钟,0 天 0 小时 0 分钟,4 天 20 小时 17 分钟,3.0,10.0,0.08734703730200133,12.12,3.61,-67.21%,5.37,2021-01-01_2025-01-01
54,4.41,1.48,-74.29%,2024-03-05 01:00:00,2024-07-27 13:00:00,2.0,57.0,109.0,34.34%,3.31%,3.44,402.74%,-23.40%,13 天 6 小时 0 分钟,0 天 1 小时 0 分钟,3 天 13 小时 12 分钟,5.0,8.0,0.07760259117242096,12.12,3.61,-67.21%,5.37,2021-01-01_2025-01-01
70,4.94,1.66,-85.10%,2024-03-09 00:00:00,2024-07-15 00:00:00,1.95,45.0,79.0,36.29%,5.41%,3.82,567.30%,-28.20%,20 天 3 小时 0 分钟,0 天 2 小时 0 分钟,4 天 18 小时 24 分钟,5.0,10.0,0.0837526255044041,12.12,3.61,-67.21%,5.37,2021-01-01_2025-01-01
36,4.1,1.37,-72.56%,2023-05-19 13:00:00,2023-09-25 08:00:00,1.89,90.0,166.0,35.16%,1.60%,2.75,145.85%,-34.72%,11 天 16 小时 0 分钟,0 天 0 小时 0 分钟,2 天 6 小时 53 分钟,3.0,10.0,0.07354195063334323,12.12,3.61,-67.21%,5.37,2021-01-01_2025-01-01
72,4.97,1.67,-89.01%,2024-03-09 00:00:00,2024-07-15 00:00:00,1.88,43.0,77.0,35.83%,5.64%,3.97,570.43%,-29.01%,20 天 4 小时 0 分钟,0 天 0 小时 0 分钟,4 天 22 小时 15 分钟,4.0,10.0,0.08403789942274464,12.12,3.61,-67.21%,5.37,2021-01-01_2025-01-01
68,4.78,1.61,-86.27%,2024-03-09 00:00:00,2024-11-06 14:00:00,1.86,46.0,80.0,36.51%,5.24%,3.71,554.30%,-29.93%,20 天 1 小时 0 分钟,0 天 2 小时 0 分钟,4 天 16 小时 34 分钟,3.0,10.0,0.08194487356718616,12.12,3.61,-67.21%,5.37,2021-01-01_2025-01-01
404,4.25,1.42,-77.60%,2023-09-21 21:00:00,2023-12-28 00:00:00,1.84,9.0,12.0,42.86%,34.49%,5.77,682.60%,-53.66%,73 天 8 小时 0 分钟,0 天 3 小时 0 分钟,28 天 6 小时 34 分钟,4.0,3.0,0.07552042511917234,12.12,3.61,-67.21%,5.37,2021-01-01_2025-01-01
408,4.24,1.42,-78.24%,2023-09-21 21:00:00,2023-12-18 10:00:00,1.82,9.0,12.0,42.86%,31.72%,5.7,628.93%,-53.91%,73 天 7 小时 0 分钟,0 天 3 小时 0 分钟,28 天 6 小时 28 分钟,4.0,3.0,0.07538990928680533,12.12,3.61,-67.21%,5.37,2021-01-01_2025-01-01
406,3.68,1.22,-77.48%,2023-09-21 21:00:00,2023-12-18 10:00:00,1.58,9.0,12.0,42.86%,32.72%,5.46,661.45%,-51.19%,73 天 8 小时 0 分钟,0 天 3 小时 0 分钟,28 天 6 小时 28 分钟,4.0,3.0,0.06782268842367278,12.12,3.61,-67.21%,5.37,2021-01-01_2025-01-01
78,4.16,1.39,-90.56%,2024-03-09 00:00:00,2024-11-06 20:00:00,1.54,38.0,76.0,33.33%,6.46%,4.58,657.51%,-32.21%,20 天 7 小时 0 分钟,0 天 3 小时 0 分钟,5 天 4 小时 31 分钟,4.0,10.0,0.07440369759315524,12.12,3.61,-67.21%,5.37,2021-01-01_2025-01-01
52,3.42,1.12,-75.18%,2024-03-05 01:00:00,2024-07-27 13:00:00,1.49,62.0,114.0,35.23%,2.90%,3.17,391.97%,-24.87%,13 天 7 小时 0 分钟,0 天 0 小时 0 分钟,3 天 8 小时 18 分钟,4.0,10.0,0.06377760290376244,12.12,3.61,-67.21%,5.37,2021-01-01_2025-01-01
250,2.82,0.89,-71.98%,2024-03-14 06:00:00,2024-11-08 01:00:00,1.23,13.0,24.0,35.14%,16.74%,5.47,618.63%,-27.18%,43 天 5 小时 0 分钟,0 天 3 小时 0 分钟,16 天 1 小时 45 分钟,2.0,4.0,0.053648879899267365,12.12,3.61,-67.21%,5.37,2021-01-01_2025-01-01
412,2.97,0.95,-80.71%,2023-09-21 21:00:00,2023-12-18 10:00:00,1.18,9.0,12.0,42.86%,28.26%,5.01,592.44%,-52.28%,73 天 7 小时 0 分钟,0 天 3 小时 0 分钟,28 天 6 小时 25 分钟,4.0,3.0,0.0563878158105362,12.12,3.61,-67.21%,5.37,2021-01-01_2025-01-01
414,2.9,0.92,-80.68%,2023-09-21 21:00:00,2023-12-18 10:00:00,1.14,9.0,12.0,42.86%,27.69%,4.92,582.87%,-51.59%,73 天 6 小时 0 分钟,0 天 3 小时 0 分钟,28 天 6 小时 25 分钟,4.0,3.0,0.05505375475755114,12.12,3.61,-67.21%,5.37,2021-01-01_2025-01-01
402,2.85,0.9,-79.92%,2023-09-21 21:00:00,2023-12-28 00:00:00,1.12,9.0,12.0,42.86%,31.91%,5.12,662.87%,-54.39%,73 天 7 小时 0 分钟,0 天 3 小时 0 分钟,28 天 6 小时 34 分钟,4.0,3.0,0.05409579393880981,12.12,3.61,-67.21%,5.37,2021-01-01_2025-01-01
410,2.76,0.86,-81.28%,2023-09-21 21:00:00,2023-12-18 10:00:00,1.06,9.0,12.0,42.86%,27.89%,4.92,588.51%,-54.09%,73 天 7 小时 0 分钟,0 天 3 小时 0 分钟,28 天 6 小时 28 分钟,4.0,3.0,0.052476988019306336,12.12,3.61,-67.21%,5.37,2021-01-01_2025-01-01
252,2.32,0.67,-69.23%,2024-03-14 06:00:00,2024-11-08 01:00:00,0.98,13.0,24.0,35.14%,16.19%,5.26,620.96%,-23.66%,43 天 6 小时 0 分钟,0 天 3 小时 0 分钟,16 天 1 小时 45 分钟,2.0,4.0,0.04330680165559131,12.12,3.61,-67.21%,5.37,2021-01-01_2025-01-01
362,2.63,0.81,-83.61%,2023-09-21 21:00:00,2023-12-18 10:00:00,0.96,11.0,12.0,47.83%,24.02%,3.62,538.44%,-55.16%,74 天 3 小时 0 分钟,0 天 3 小时 0 分钟,25 天 19 小时 44 分钟,5.0,2.0,0.049784779982743776,12.12,3.61,-67.21%,5.37,2021-01-01_2025-01-01
254,2.24,0.64,-68.63%,2024-05-27 15:00:00,2024-11-08 01:00:00,0.93,13.0,26.0,33.33%,15.87%,5.72,646.15%,-24.75%,43 天 7 小时 0 分钟,0 天 3 小时 0 分钟,15 天 5 小时 55 分钟,2.0,5.0,0.04142207848474366,12.12,3.61,-67.21%,5.37,2021-01-01_2025-01-01
364,2.49,0.75,-84.41%,2023-09-21 21:00:00,2023-12-18 10:00:00,0.89,11.0,12.0,47.83%,23.71%,3.58,532.37%,-55.76%,74 天 1 小时 0 分钟,0 天 3 小时 0 分钟,25 天 19 小时 41 分钟,5.0,2.0,0.0469675026295322,12.12,3.61,-67.21%,5.37,2021-01-01_2025-01-01
50,2.33,0.68,-75.77%,2024-03-05 01:00:00,2024-07-28 22:00:00,0.89,60.0,124.0,32.61%,2.81%,3.52,447.12%,-24.93%,13 天 7 小时 0 分钟,0 天 0 小时 0 分钟,3 天 4 小时 46 分钟,4.0,8.0,0.04343588295766265,12.12,3.61,-67.21%,5.37,2021-01-01_2025-01-01
418,2.44,0.73,-84.80%,2023-09-21 21:00:00,2023-12-18 10:00:00,0.86,8.0,13.0,38.10%,25.94%,5.63,552.61%,-51.48%,73 天 6 小时 0 分钟,0 天 3 小时 0 分钟,28 天 6 小时 25 分钟,4.0,5.0,0.04593031793639524,12.12,3.61,-67.21%,5.37,2021-01-01_2025-01-01
256,2.15,0.6,-75.86%,2024-05-27 15:00:00,2024-12-31 16:00:00,0.79,13.0,26.0,33.33%,16.02%,5.67,656.19%,-24.79%,43 天 7 小时 0 分钟,0 天 3 小时 0 分钟,15 天 5 小时 55 分钟,2.0,5.0,0.039352235756602294,12.12,3.61,-67.21%,5.37,2021-01-01_2025-01-01
258,2.13,0.59,-78.50%,2024-03-14 06:00:00,2024-12-31 16:00:00,0.75,14.0,25.0,35.90%,15.68%,4.96,642.27%,-24.36%,43 天 8 小时 0 分钟,0 天 3 小时 0 分钟,15 天 5 小时 55 分钟,4.0,5.0,0.038880742013726044,12.12,3.61,-67.21%,5.37,2021-01-01_2025-01-01
360,2.24,0.64,-85.67%,2023-09-21 21:00:00,2023-12-18 10:00:00,0.74,11.0,12.0,47.83%,24.23%,3.5,553.27%,-55.88%,74 天 3 小时 0 分钟,0 天 3 小时 0 分钟,25 天 19 小时 33 分钟,5.0,2.0,0.04137413683611402,12.12,3.61,-67.21%,5.37,2021-01-01_2025-01-01
358,2.18,0.61,-85.36%,2023-09-21 21:00:00,2023-12-18 10:00:00,0.71,12.0,11.0,52.17%,23.56%,2.92,543.55%,-54.31%,74 天 5 小时 0 分钟,0 天 3 小时 0 分钟,25 天 19 小时 33 分钟,5.0,2.0,0.039920620821971786,12.12,3.61,-67.21%,5.37,2021-01-01_2025-01-01
420,2.09,0.57,-85.48%,2023-09-21 21:00:00,2023-12-18 10:00:00,0.67,8.0,13.0,38.10%,26.13%,5.52,570.68%,-54.52%,73 天 7 小时 0 分钟,0 天 3 小时 0 分钟,28 天 6 小时 31 分钟,4.0,5.0,0.0377404210069443,12.12,3.61,-67.21%,5.37,2021-01-01_2025-01-01
422,2.02,0.54,-84.08%,2023-09-21 21:00:00,2024-01-11 12:00:00,0.64,8.0,13.0,38.10%,25.36%,5.49,562.50%,-53.89%,73 天 6 小时 0 分钟,0 天 3 小时 0 分钟,28 天 6 小时 31 分钟,4.0,5.0,0.03598241558287607,12.12,3.61,-67.21%,5.37,2021-01-01_2025-01-01
356,2.03,0.54,-86.63%,2023-09-21 21:00:00,2023-12-18 10:00:00,0.63,12.0,11.0,52.17%,23.56%,2.9,544.51%,-57.44%,74 天 5 小时 0 分钟,0 天 3 小时 0 分钟,25 天 19 小时 39 分钟,5.0,2.0,0.03625283248337774,12.12,3.61,-67.21%,5.37,2021-01-01_2025-01-01
366,1.94,0.5,-84.84%,2023-09-21 21:00:00,2023-12-18 10:00:00,0.59,10.0,13.0,43.48%,23.40%,4.0,549.22%,-56.31%,74 天 0 小时 0 分钟,0 天 3 小时 0 分钟,25 天 19 小时 41 分钟,5.0,4.0,0.03380182670302001,12.12,3.61,-67.21%,5.37,2021-01-01_2025-01-01
430,1.9,0.48,-82.55%,2023-09-21 21:00:00,2024-01-11 12:00:00,0.59,7.0,14.0,33.33%,21.81%,6.19,483.06%,-52.98%,73 天 8 小时 0 分钟,0 天 3 小时 0 分钟,28 天 6 小时 28 分钟,2.0,5.0,0.03293610667648239,12.12,3.61,-67.21%,5.37,2021-01-01_2025-01-01
368,1.9,0.48,-83.55%,2023-09-21 21:00:00,2023-12-18 10:00:00,0.58,10.0,13.0,43.48%,23.36%,4.04,558.90%,-56.56%,74 天 0 小时 0 分钟,0 天 3 小时 0 分钟,25 天 19 小时 39 分钟,5.0,4.0,0.03285171009096555,12.12,3.61,-67.21%,5.37,2021-01-01_2025-01-01
416,1.9,0.48,-82.26%,2023-09-21 21:00:00,2023-12-18 10:00:00,0.58,8.0,13.0,38.10%,24.97%,5.25,551.02%,-50.71%,73 天 7 小时 0 分钟,0 天 3 小时 0 分钟,28 天 5 小时 31 分钟,4.0,5.0,0.03271646394163241,12.12,3.61,-67.21%,5.37,2021-01-01_2025-01-01
348,1.89,0.48,-86.98%,2023-09-21 21:00:00,2023-12-18 10:00:00,0.55,11.0,12.0,47.83%,22.12%,3.35,518.12%,-58.57%,74 天 9 小时 0 分钟,0 天 3 小时 0 分钟,25 天 19 小时 52 分钟,5.0,2.0,0.032657011492865706,12.12,3.61,-67.21%,5.37,2021-01-01_2025-01-01
400,1.86,0.46,-84.81%,2023-09-21 21:00:00,2023-12-28 00:00:00,0.55,8.0,15.0,34.78%,27.70%,6.29,669.02%,-53.77%,73 天 8 小时 0 分钟,0 天 3 小时 0 分钟,25 天 19 小时 26 分钟,4.0,5.0,0.03177298242489668,12.12,3.61,-67.21%,5.37,2021-01-01_2025-01-01
426,1.82,0.44,-81.06%,2023-10-19 09:00:00,2023-12-18 10:00:00,0.55,7.0,14.0,33.33%,22.62%,6.25,509.55%,-52.42%,73 天 7 小时 0 分钟,0 天 3 小时 0 分钟,28 天 6 小时 28 分钟,2.0,5.0,0.03069388669005302,12.12,3.61,-67.21%,5.37,2021-01-01_2025-01-01
354,1.84,0.45,-84.65%,2023-09-21 21:00:00,2023-12-18 10:00:00,0.54,11.0,12.0,47.83%,22.54%,3.35,538.83%,-53.70%,74 天 7 小时 0 分钟,0 天 3 小时 0 分钟,25 天 19 小时 28 分钟,5.0,2.0,0.031260405419589965,12.12,3.61,-67.21%,5.37,2021-01-01_2025-01-01
260,1.71,0.39,-81.14%,2024-03-14 06:00:00,2024-12-31 16:00:00,0.48,11.0,28.0,28.21%,13.84%,6.43,587.24%,-23.73%,43 天 9 小时 0 分钟,0 天 3 小时 0 分钟,15 天 5 小时 55 分钟,2.0,5.0,0.02725613439541652,12.12,3.61,-67.21%,5.37,2021-01-01_2025-01-01
346,1.75,0.41,-87.12%,2023-09-21 21:00:00,2023-12-18 10:00:00,0.47,11.0,12.0,47.83%,21.38%,3.27,511.69%,-59.58%,74 天 9 小时 0 分钟,0 天 3 小时 0 分钟,25 天 19 小时 41 分钟,5.0,2.0,0.028501318564293943,12.12,3.61,-67.21%,5.37,2021-01-01_2025-01-01
298,1.74,0.4,-87.16%,2023-09-21 21:00:00,2024-01-11 12:00:00,0.46,13.0,20.0,39.39%,14.74%,4.13,519.24%,-58.67%,43 天 15 小时 0 分钟,0 天 3 小时 0 分钟,18 天 0 小时 21 分钟,3.0,4.0,0.02829443663046516,12.12,3.61,-67.21%,5.37,2021-01-01_2025-01-01
264,1.65,0.36,-80.66%,2024-03-14 06:00:00,2024-11-09 16:00:00,0.45,12.0,25.0,32.43%,14.33%,5.19,578.75%,-25.87%,43 天 10 小时 0 分钟,0 天 3 小时 0 分钟,16 天 1 小时 45 分钟,2.0,4.0,0.025653252077905364,12.12,3.61,-67.21%,5.37,2021-01-01_2025-01-01
434,1.68,0.37,-84.46%,2023-09-21 21:00:00,2023-12-18 10:00:00,0.44,8.0,13.0,38.10%,21.49%,4.84,482.80%,-51.59%,73 天 9 小时 0 分钟,0 天 3 小时 0 分钟,28 天 5 小时 40 分钟,2.0,5.0,0.02645770307041806,12.12,3.61,-67.21%,5.37,2021-01-01_2025-01-01
370,1.65,0.36,-83.27%,2023-09-21 21:00:00,2023-12-18 10:00:00,0.43,10.0,13.0,43.48%,22.02%,3.87,540.56%,-56.29%,73 天 23 小时 0 分钟,0 天 3 小时 0 分钟,25 天 19 小时 39 分钟,5.0,4.0,0.025400195731138497,12.12,3.61,-67.21%,5.37,2021-01-01_2025-01-01
308,1.66,0.36,-87.24%,2023-06-15 10:00:00,2024-01-11 12:00:00,0.42,13.0,18.0,41.94%,15.63%,3.82,519.03%,-58.62%,43 天 16 小时 0 分钟,0 天 3 小时 0 分钟,19 天 4 小时 11 分钟,3.0,4.0,0.025813613386912904,12.12,3.61,-67.21%,5.37,2021-01-01_2025-01-01
352,1.65,0.36,-87.64%,2023-09-21 21:00:00,2023-12-18 10:00:00,0.41,11.0,12.0,47.83%,21.79%,3.25,522.41%,-58.97%,74 天 8 小时 0 分钟,0 天 3 小时 0 分钟,25 天 19 小时 33 分钟,5.0,2.0,0.025403991846355334,12.12,3.61,-67.21%,5.37,2021-01-01_2025-01-01
428,1.6,0.33,-82.81%,2023-09-21 21:00:00,2023-12-18 10:00:00,0.4,7.0,14.0,33.33%,21.07%,5.82,483.54%,-52.96%,73 天 8 小时 0 分钟,0 天 3 小时 0 分钟,28 天 6 小时 28 分钟,2.0,5.0,0.023832189843836726,12.12,3.61,-67.21%,5.37,2021-01-01_2025-01-01
372,1.58,0.32,-82.75%,2023-09-21 21:00:00,2023-12-18 10:00:00,0.39,10.0,13.0,43.48%,21.38%,3.77,525.85%,-56.51%,73 天 22 小时 0 分钟,0 天 3 小时 0 分钟,25 天 19 小时 36 分钟,5.0,4.0,0.02315753666879239,12.12,3.61,-67.21%,5.37,2021-01-01_2025-01-01
266,1.52,0.29,-77.42%,2024-03-14 06:00:00,2024-11-09 16:00:00,0.38,12.0,25.0,32.43%,14.13%,5.14,580.64%,-25.22%,43 天 10 小时 0 分钟,0 天 3 小时 0 分钟,16 天 1 小时 45 分钟,2.0,3.0,0.021281258401891767,12.12,3.61,-67.21%,5.37,2021-01-01_2025-01-01
306,1.57,0.32,-88.01%,2023-09-21 21:00:00,2024-01-11 12:00:00,0.36,12.0,19.0,38.71%,15.65%,4.31,523.54%,-59.63%,43 天 16 小时 0 分钟,0 天 3 小时 0 分钟,19 天 4 小时 13 分钟,3.0,4.0,0.022899844757823473,12.12,3.61,-67.21%,5.37,2021-01-01_2025-01-01
350,1.56,0.31,-87.85%,2023-09-21 21:00:00,2023-12-18 10:00:00,0.36,11.0,12.0,47.83%,21.70%,3.22,525.95%,-59.60%,74 天 8 小时 0 分钟,0 天 3 小时 0 分钟,25 天 19 小时 46 分钟,5.0,2.0,0.022681259165607592,12.12,3.61,-67.21%,5.37,2021-01-01_2025-01-01
304,1.55,0.31,-87.19%,2023-06-15 10:00:00,2024-01-11 12:00:00,0.35,11.0,20.0,35.48%,15.85%,4.97,538.37%,-58.25%,43 天 15 小时 0 分钟,0 天 3 小时 0 分钟,19 天 4 小时 15 分钟,3.0,4.0,0.022181591621057706,12.12,3.61,-67.21%,5.37,2021-01-01_2025-01-01
432,1.54,0.3,-86.13%,2023-09-21 21:00:00,2024-01-11 12:00:00,0.35,8.0,13.0,38.10%,20.98%,4.74,473.59%,-55.19%,73 天 9 小时 0 分钟,0 天 3 小时 0 分钟,28 天 5 小时 45 分钟,2.0,5.0,0.022094834187999624,12.12,3.61,-67.21%,5.37,2021-01-01_2025-01-01
390,1.54,0.3,-88.29%,2023-09-21 21:00:00,2023-12-28 00:00:00,0.34,8.0,15.0,34.78%,25.26%,5.84,627.50%,-56.29%,73 天 12 小时 0 分钟,0 天 3 小时 0 分钟,25 天 19 小时 28 分钟,4.0,5.0,0.021907822191124415,12.12,3.61,-67.21%,5.37,2021-01-01_2025-01-01
436,1.49,0.28,-85.46%,2023-09-21 21:00:00,2023-12-18 10:00:00,0.32,7.0,14.0,33.33%,21.84%,5.93,499.32%,-53.91%,73 天 11 小时 0 分钟,0 天 3 小时 0 分钟,28 天 5 小时 28 分钟,2.0,5.0,0.020182372916110136,12.12,3.61,-67.21%,5.37,2021-01-01_2025-01-01
300,1.51,0.29,-88.41%,2023-06-15 10:00:00,2024-01-11 12:00:00,0.32,11.0,20.0,35.48%,15.01%,4.8,511.62%,-58.62%,43 天 15 小时 0 分钟,0 天 3 小时 0 分钟,19 天 4 小时 17 分钟,3.0,4.0,0.020970205671712927,12.12,3.61,-67.21%,5.37,2021-01-01_2025-01-01
388,1.47,0.27,-86.93%,2023-09-21 21:00:00,2023-12-28 00:00:00,0.31,10.0,15.0,40.00%,22.77%,4.61,613.81%,-56.46%,73 天 13 小时 0 分钟,0 天 3 小时 0 分钟,23 天 17 小时 43 分钟,4.0,5.0,0.019563677527922207,12.12,3.61,-67.21%,5.37,2021-01-01_2025-01-01
268,1.38,0.22,-76.19%,2024-03-14 06:00:00,2024-11-09 16:00:00,0.28,12.0,25.0,32.43%,13.86%,5.01,576.47%,-24.88%,43 天 10 小时 0 分钟,0 天 3 小时 0 分钟,16 天 1 小时 45 分钟,2.0,4.0,0.016230441445864274,12.12,3.61,-67.21%,5.37,2021-01-01_2025-01-01
380,1.42,0.24,-85.78%,2023-09-21 21:00:00,2023-12-18 10:00:00,0.28,9.0,14.0,39.13%,23.30%,4.67,586.84%,-55.54%,73 天 18 小时 0 分钟,0 天 3 小时 0 分钟,25 天 19 小时 31 分钟,5.0,5.0,0.017802301275795074,12.12,3.61,-67.21%,5.37,2021-01-01_2025-01-01
330,1.4,0.23,-83.55%,2023-09-21 21:00:00,2023-12-18 10:00:00,0.27,11.0,14.0,44.00%,19.38%,3.55,530.18%,-61.16%,74 天 16 小时 0 分钟,0 天 3 小时 0 分钟,23 天 18 小时 33 分钟,4.0,2.0,0.017052377653687945,12.12,3.61,-67.21%,5.37,2021-01-01_2025-01-01
314,1.38,0.22,-84.88%,2023-09-21 21:00:00,2024-01-11 12:00:00,0.26,9.0,20.0,31.03%,16.52%,6.05,531.22%,-60.95%,43 天 17 小时 0 分钟,0 天 1 小时 0 分钟,20 天 11 小时 55 分钟,3.0,5.0,0.01645446918280813,12.12,3.61,-67.21%,5.37,2021-01-01_2025-01-01
374,1.37,0.21,-84.29%,2023-09-21 21:00:00,2023-12-18 10:00:00,0.25,10.0,13.0,43.48%,21.41%,3.69,542.51%,-56.19%,73 天 21 小时 0 分钟,0 天 3 小时 0 分钟,25 天 19 小时 36 分钟,5.0,4.0,0.015943113067322212,12.12,3.61,-67.21%,5.37,2021-01-01_2025-01-01
296,1.35,0.2,-85.70%,2023-09-21 21:00:00,2024-01-11 12:00:00,0.23,12.0,23.0,34.29%,13.42%,4.72,523.85%,-58.90%,43 天 15 小时 0 分钟,0 天 0 小时 0 分钟,16 天 23 小时 37 分钟,3.0,5.0,0.01518023705739302,12.12,3.61,-67.21%,5.37,2021-01-01_2025-01-01
262,1.33,0.19,-84.01%,2024-03-14 06:00:00,2024-12-31 16:00:00,0.23,11.0,26.0,29.73%,13.60%,5.63,571.41%,-24.76%,43 天 9 小时 0 分钟,0 天 3 小时 0 分钟,16 天 1 小时 45 分钟,2.0,5.0,0.014533997029828605,12.12,3.61,-67.21%,5.37,2021-01-01_2025-01-01
316,1.3,0.17,-81.54%,2024-05-27 15:00:00,2024-11-10 20:00:00,0.21,8.0,19.0,29.63%,18.21%,6.55,552.71%,-60.67%,74 天 21 小时 0 分钟,0 天 3 小时 0 分钟,22 天 0 小时 26 分钟,3.0,5.0,0.013335256349990443,12.12,3.61,-67.21%,5.37,2021-01-01_2025-01-01
310,1.28,0.17,-86.63%,2023-06-15 10:00:00,2024-01-11 12:00:00,0.19,12.0,21.0,36.36%,12.80%,4.39,480.69%,-58.82%,43 天 17 小时 0 分钟,0 天 1 小时 0 分钟,18 天 0 小时 14 分钟,5.0,5.0,0.012637611195795317,12.12,3.61,-67.21%,5.37,2021-01-01_2025-01-01
302,1.29,0.17,-88.78%,2023-09-21 21:00:00,2024-01-11 12:00:00,0.19,11.0,20.0,35.48%,15.05%,4.66,524.31%,-59.70%,43 天 15 小时 0 分钟,0 天 3 小时 0 分钟,19 天 4 小时 17 分钟,3.0,4.0,0.012975973055657342,12.12,3.61,-67.21%,5.37,2021-01-01_2025-01-01
396,1.28,0.16,-87.49%,2023-09-21 21:00:00,2023-12-28 00:00:00,0.18,8.0,15.0,34.78%,22.83%,5.43,589.57%,-54.02%,73 天 9 小时 0 分钟,0 天 3 小时 0 分钟,25 天 19 小时 26 分钟,4.0,5.0,0.012342441838951945,12.12,3.61,-67.21%,5.37,2021-01-01_2025-01-01
376,1.27,0.16,-85.83%,2023-09-21 21:00:00,2023-12-18 10:00:00,0.18,9.0,14.0,39.13%,21.46%,4.42,558.93%,-56.19%,73 天 20 小时 0 分钟,0 天 3 小时 0 分钟,25 天 19 小时 33 分钟,5.0,5.0,0.011937593757134879,12.12,3.61,-67.21%,5.37,2021-01-01_2025-01-01
394,1.26,0.15,-88.45%,2023-09-21 21:00:00,2023-12-28 00:00:00,0.17,8.0,15.0,34.78%,23.01%,5.43,590.63%,-56.24%,73 天 11 小时 0 分钟,0 天 3 小时 0 分钟,25 天 19 小时 26 分钟,4.0,5.0,0.011506593295727452,12.12,3.61,-67.21%,5.37,2021-01-01_2025-01-01
28,1.16,0.1,-68.67%,2024-03-05 01:00:00,2024-08-21 21:00:00,0.14,109.0,211.0,34.06%,0.83%,2.45,150.35%,-29.90%,9 天 22 小时 0 分钟,0 天 0 小时 0 分钟,1 天 19 小时 43 分钟,5.0,10.0,0.00753638052153871,12.12,3.61,-67.21%,5.37,2021-01-01_2025-01-01
378,1.18,0.11,-85.85%,2023-09-21 21:00:00,2023-12-18 10:00:00,0.13,8.0,15.0,34.78%,21.54%,5.3,563.81%,-56.48%,73 天 19 小时 0 分钟,0 天 3 小时 0 分钟,25 天 19 小时 33 分钟,4.0,5.0,0.00843609423647873,12.12,3.61,-67.21%,5.37,2021-01-01_2025-01-01
424,1.18,0.1,-87.08%,2023-09-21 21:00:00,2023-12-18 10:00:00,0.12,7.0,14.0,33.33%,21.27%,5.71,501.62%,-67.05%,73 天 7 小时 0 分钟,0 天 3 小时 0 分钟,28 天 8 小时 8 分钟,2.0,5.0,0.008184929633225035,12.12,3.61,-67.21%,5.37,2021-01-01_2025-01-01
392,1.16,0.09,-88.05%,2023-09-21 21:00:00,2023-12-28 00:00:00,0.11,8.0,15.0,34.78%,22.90%,5.38,597.38%,-56.29%,73 天 12 小时 0 分钟,0 天 3 小时 0 分钟,25 天 19 小时 26 分钟,4.0,5.0,0.007474690143276286,12.12,3.61,-67.21%,5.37,2021-01-01_2025-01-01
332,1.14,0.08,-84.80%,2023-09-21 21:00:00,2023-12-18 10:00:00,0.1,10.0,15.0,40.00%,19.75%,4.06,560.40%,-60.36%,74 天 15 小时 0 分钟,0 天 3 小时 0 分钟,23 天 18 小时 31 分钟,4.0,5.0,0.00665102853353039,12.12,3.61,-67.21%,5.37,2021-01-01_2025-01-01
344,1.13,0.08,-87.68%,2023-09-21 21:00:00,2023-12-18 10:00:00,0.09,10.0,13.0,43.48%,19.77%,3.52,517.86%,-60.59%,74 天 10 小时 0 分钟,0 天 3 小时 0 分钟,25 天 19 小时 57 分钟,4.0,2.0,0.006094752236766476,12.12,3.61,-67.21%,5.37,2021-01-01_2025-01-01
318,1.11,0.07,-84.21%,2023-09-21 21:00:00,2024-01-11 12:00:00,0.08,9.0,18.0,33.33%,17.50%,5.15,537.88%,-60.98%,74 天 21 小时 0 分钟,0 天 3 小时 0 分钟,22 天 0 小时 24 分钟,4.0,5.0,0.005258887423876146,12.12,3.61,-67.21%,5.37,2021-01-01_2025-01-01
336,1.11,0.06,-85.49%,2023-06-15 10:00:00,2023-12-18 10:00:00,0.07,9.0,16.0,36.00%,18.82%,4.7,537.25%,-60.77%,74 天 12 小时 0 分钟,0 天 3 小时 0 分钟,23 天 18 小时 28 分钟,5.0,4.0,0.005057135274639135,12.12,3.61,-67.21%,5.37,2021-01-01_2025-01-01
312,1.09,0.05,-87.79%,2023-06-15 10:00:00,2024-01-11 12:00:00,0.06,10.0,21.0,32.26%,14.04%,5.18,502.49%,-62.14%,43 天 16 小时 0 分钟,0 天 3 小时 0 分钟,19 天 4 小时 9 分钟,4.0,5.0,0.004287899459807676,12.12,3.61,-67.21%,5.37,2021-01-01_2025-01-01
398,1.08,0.05,-87.56%,2023-09-21 21:00:00,2023-12-28 00:00:00,0.05,8.0,17.0,32.00%,21.79%,6.05,620.65%,-53.63%,73 天 9 小时 0 分钟,0 天 3 小时 0 分钟,23 天 17 小时 28 分钟,4.0,7.0,0.003832883804141707,12.12,3.61,-67.21%,5.37,2021-01-01_2025-01-01
270,1.04,0.02,-79.11%,2024-03-14 06:00:00,2024-11-09 16:00:00,0.03,11.0,26.0,29.73%,13.31%,5.4,586.19%,-27.10%,43 天 11 小时 0 分钟,0 天 3 小时 0 分钟,16 天 1 小时 45 分钟,2.0,4.0,0.0019663831025265033,12.12,3.61,-67.21%,5.37,2021-01-01_2025-01-01
286,1.04,0.03,-86.15%,2023-09-21 21:00:00,2024-01-11 12:00:00,0.03,12.0,23.0,34.29%,14.12%,4.64,565.33%,-56.56%,43 天 14 小时 0 分钟,0 天 3 小时 0 分钟,16 天 23 小时 44 分钟,3.0,4.0,0.002081533254784107,12.12,3.61,-67.21%,5.37,2021-01-01_2025-01-01
328,1.04,0.03,-84.73%,2023-10-02 07:00:00,2023-12-18 10:00:00,0.03,11.0,14.0,44.00%,18.30%,3.31,532.32%,-60.57%,74 天 17 小时 0 分钟,0 天 3 小时 0 分钟,23 天 18 小时 36 分钟,4.0,2.0,0.0021510491276315324,12.12,3.61,-67.21%,5.37,2021-01-01_2025-01-01
342,1.01,0.0,-88.27%,2023-06-15 10:00:00,2023-12-18 10:00:00,0.01,10.0,13.0,43.48%,19.09%,3.4,515.12%,-60.59%,74 天 10 小时 0 分钟,0 天 3 小时 0 分钟,25 天 20 小时 0 分钟,4.0,2.0,0.0003657059913877436,12.12,3.61,-67.21%,5.37,2021-01-01_2025-01-01
320,1.0,0.0,-87.29%,2023-09-21 21:00:00,2024-01-11 12:00:00,0.0,10.0,17.0,37.04%,17.65%,4.34,555.18%,-60.95%,74 天 20 小时 0 分钟,0 天 3 小时 0 分钟,22 天 0 小时 22 分钟,5.0,4.0,0.00014789788594393727,12.12,3.61,-67.21%,5.37,2021-01-01_2025-01-01
334,0.99,-0.0,-85.92%,2023-09-21 21:00:00,2023-12-18 10:00:00,-0.0,10.0,15.0,40.00%,19.29%,3.96,560.26%,-60.26%,74 天 14 小时 0 分钟,0 天 3 小时 0 分钟,23 天 18 小时 28 分钟,4.0,5.0,-0.00032367305871017216,12.12,3.61,-67.21%,5.37,2021-01-01_2025-01-01
438,0.98,-0.01,-85.47%,2023-09-21 21:00:00,2023-12-18 10:00:00,-0.02,7.0,14.0,33.33%,20.51%,5.35,507.85%,-54.18%,73 天 12 小时 0 分钟,0 天 3 小时 0 分钟,28 天 3 小时 54 分钟,2.0,5.0,-0.0010689246554566045,12.12,3.61,-67.21%,5.37,2021-01-01_2025-01-01
340,0.93,-0.05,-88.94%,2023-06-15 10:00:00,2023-12-18 10:00:00,-0.05,9.0,14.0,39.13%,18.89%,3.98,516.05%,-60.01%,74 天 11 小时 0 分钟,0 天 3 小时 0 分钟,25 天 19 小时 52 分钟,4.0,4.0,-0.0038830489895019804,12.12,3.61,-67.21%,5.37,2021-01-01_2025-01-01
34,0.92,-0.05,-81.59%,2024-02-28 10:00:00,2024-08-21 14:00:00,-0.06,86.0,190.0,31.16%,0.89%,2.8,148.21%,-43.43%,11 天 15 小时 0 分钟,0 天 0 小时 0 分钟,2 天 2 小时 50 分钟,4.0,12.0,-0.004379675294323593,12.12,3.61,-67.21%,5.37,2021-01-01_2025-01-01
382,0.9,-0.06,-89.30%,2024-07-05 08:00:00,2024-11-11 02:00:00,-0.07,9.0,14.0,39.13%,22.43%,4.21,588.25%,-54.80%,73 天 16 小时 0 分钟,0 天 3 小时 0 分钟,25 天 11 小时 13 分钟,5.0,5.0,-0.005419462527074592,12.12,3.61,-67.21%,5.37,2021-01-01_2025-01-01
294,0.9,-0.06,-87.61%,2023-09-21 21:00:00,2024-01-11 12:00:00,-0.07,12.0,21.0,36.36%,12.97%,3.94,518.36%,-60.26%,43 天 14 小时 0 分钟,0 天 3 小时 0 分钟,18 天 0 小时 25 分钟,3.0,4.0,-0.005245925398812967,12.12,3.61,-67.21%,5.37,2021-01-01_2025-01-01
338,0.88,-0.07,-87.66%,2023-06-15 10:00:00,2023-12-18 10:00:00,-0.08,10.0,15.0,40.00%,18.02%,3.75,530.55%,-61.21%,74 天 12 小时 0 分钟,0 天 3 小时 0 分钟,23 天 18 小时 26 分钟,5.0,4.0,-0.006195048116396706,12.12,3.61,-67.21%,5.37,2021-01-01_2025-01-01
440,0.85,-0.1,-85.80%,2023-09-21 21:00:00,2024-01-11 12:00:00,-0.11,7.0,14.0,33.33%,20.14%,5.19,513.56%,-53.41%,73 天 12 小时 0 分钟,0 天 3 小时 0 分钟,28 天 4 小时 5 分钟,2.0,5.0,-0.008379020334399967,12.12,3.61,-67.21%,5.37,2021-01-01_2025-01-01
322,0.85,-0.09,-88.83%,2023-09-21 21:00:00,2024-01-11 12:00:00,-0.11,10.0,17.0,37.04%,17.21%,4.24,558.97%,-62.82%,74 天 18 小时 0 分钟,0 天 3 小时 0 分钟,22 天 0 小时 20 分钟,5.0,4.0,-0.008062887063328694,12.12,3.61,-67.21%,5.37,2021-01-01_2025-01-01
326,0.83,-0.11,-88.39%,2023-10-02 07:00:00,2024-01-11 12:00:00,-0.12,10.0,17.0,37.04%,16.40%,4.18,538.55%,-61.13%,74 天 17 小时 0 分钟,0 天 3 小时 0 分钟,22 天 0 小时 17 分钟,3.0,3.0,-0.009077603821443736,12.12,3.61,-67.21%,5.37,2021-01-01_2025-01-01
324,0.83,-0.11,-89.77%,2023-10-02 07:00:00,2024-01-11 12:00:00,-0.12,8.0,19.0,29.63%,18.04%,6.06,587.63%,-61.80%,74 天 18 小时 0 分钟,0 天 3 小时 0 分钟,22 天 0 小时 17 分钟,3.0,5.0,-0.009419113792516476,12.12,3.61,-67.21%,5.37,2021-01-01_2025-01-01
288,0.84,-0.1,-84.35%,2023-09-21 21:00:00,2024-01-11 12:00:00,-0.12,12.0,21.0,36.36%,12.05%,3.87,506.05%,-56.58%,43 天 14 小时 0 分钟,0 天 3 小时 0 分钟,18 天 0 小时 29 分钟,3.0,3.0,-0.008994282145985077,12.12,3.61,-67.21%,5.37,2021-01-01_2025-01-01
444,0.83,-0.11,-86.48%,2023-09-21 21:00:00,2024-01-11 12:00:00,-0.13,7.0,14.0,33.33%,19.85%,5.17,511.68%,-53.79%,73 天 13 小时 0 分钟,0 天 3 小时 0 分钟,28 天 5 小时 25 分钟,2.0,5.0,-0.009544807313900838,12.12,3.61,-67.21%,5.37,2021-01-01_2025-01-01
448,0.79,-0.13,-85.59%,2023-09-21 21:00:00,2024-01-11 12:00:00,-0.15,7.0,14.0,33.33%,19.02%,5.07,501.44%,-53.17%,73 天 13 小时 0 分钟,0 天 3 小时 0 分钟,28 天 5 小时 20 分钟,2.0,5.0,-0.011567842685723306,12.12,3.61,-67.21%,5.37,2021-01-01_2025-01-01
450,0.81,-0.12,-85.00%,2023-09-21 21:00:00,2023-12-18 10:00:00,-0.15,7.0,14.0,33.33%,18.75%,5.01,492.09%,-52.42%,73 天 14 小时 0 分钟,0 天 3 小时 0 分钟,28 天 5 小时 31 分钟,2.0,5.0,-0.010784346774977971,12.12,3.61,-67.21%,5.37,2021-01-01_2025-01-01
442,0.8,-0.13,-86.18%,2023-09-21 21:00:00,2024-01-11 12:00:00,-0.15,7.0,14.0,33.33%,19.95%,5.11,515.29%,-53.87%,73 天 13 小时 0 分钟,0 天 3 小时 0 分钟,28 天 3 小时 37 分钟,2.0,5.0,-0.011211760199938414,12.12,3.61,-67.21%,5.37,2021-01-01_2025-01-01
284,0.8,-0.13,-82.19%,2023-09-21 21:00:00,2024-01-11 12:00:00,-0.16,12.0,23.0,34.29%,13.55%,4.33,575.83%,-54.59%,43 天 13 小时 0 分钟,0 天 3 小时 0 分钟,16 天 23 小时 44 分钟,3.0,4.0,-0.011378531791916169,12.12,3.61,-67.21%,5.37,2021-01-01_2025-01-01
446,0.77,-0.15,-86.82%,2023-09-21 21:00:00,2023-12-18 10:00:00,-0.17,7.0,14.0,33.33%,19.05%,5.03,497.27%,-54.43%,73 天 13 小时 0 分钟,0 天 3 小时 0 分钟,28 天 5 小时 25 分钟,2.0,5.0,-0.013110724057340928,12.12,3.61,-67.21%,5.37,2021-01-01_2025-01-01
386,0.76,-0.15,-90.29%,2024-05-27 15:00:00,2024-11-11 02:00:00,-0.17,8.0,17.0,32.00%,20.72%,5.57,613.77%,-55.76%,73 天 15 小时 0 分钟,0 天 3 小时 0 分钟,23 天 9 小时 45 分钟,4.0,5.0,-0.013687349752200428,12.12,3.61,-67.21%,5.37,2021-01-01_2025-01-01
384,0.76,-0.15,-90.56%,2024-05-27 15:00:00,2024-11-11 02:00:00,-0.17,8.0,15.0,34.78%,21.96%,4.95,586.34%,-58.68%,73 天 16 小时 0 分钟,0 天 3 小时 0 分钟,25 天 11 小时 7 分钟,4.0,5.0,-0.013694761599701288,12.12,3.61,-67.21%,5.37,2021-01-01_2025-01-01
26,0.77,-0.15,-77.53%,2024-03-05 01:00:00,2024-11-01 13:00:00,-0.19,109.0,237.0,31.50%,0.56%,2.58,124.83%,-30.01%,7 天 19 小时 0 分钟,0 天 0 小时 0 分钟,1 天 16 小时 21 分钟,4.0,10.0,-0.012924314355953537,12.12,3.61,-67.21%,5.37,2021-01-01_2025-01-01
292,0.69,-0.2,-86.38%,2023-09-21 21:00:00,2024-01-11 12:00:00,-0.24,11.0,22.0,33.33%,11.31%,4.14,488.84%,-60.62%,43 天 14 小时 0 分钟,0 天 3 小时 0 分钟,18 天 0 小时 27 分钟,3.0,5.0,-0.018510047219163828,12.12,3.61,-67.21%,5.37,2021-01-01_2025-01-01
290,0.68,-0.21,-86.62%,2023-09-21 21:00:00,2024-01-11 12:00:00,-0.24,11.0,22.0,33.33%,11.07%,4.12,487.75%,-58.30%,43 天 13 小时 0 分钟,0 天 3 小时 0 分钟,18 天 0 小时 27 分钟,3.0,5.0,-0.019045652764319687,12.12,3.61,-67.21%,5.37,2021-01-01_2025-01-01
282,0.68,-0.21,-84.75%,2023-06-15 10:00:00,2024-01-11 12:00:00,-0.25,12.0,23.0,34.29%,13.13%,4.23,577.10%,-54.19%,43 天 13 小时 0 分钟,0 天 3 小时 0 分钟,16 天 23 小时 46 分钟,3.0,4.0,-0.018961344713707806,12.12,3.61,-67.21%,5.37,2021-01-01_2025-01-01
14,0.58,-0.28,-83.57%,2023-06-22 17:00:00,2024-01-15 15:00:00,-0.34,210.0,406.0,34.09%,0.25%,2.15,145.84%,-38.77%,4 天 15 小时 0 分钟,0 天 0 小时 0 分钟,0 天 22 小时 13 分钟,6.0,13.0,-0.026992173237460726,12.12,3.61,-67.21%,5.37,2021-01-01_2025-01-01
452,0.57,-0.29,-85.65%,2023-09-21 21:00:00,2024-01-11 12:00:00,-0.34,7.0,14.0,33.33%,17.24%,4.56,486.99%,-51.82%,73 天 14 小时 0 分钟,0 天 3 小时 0 分钟,28 天 3 小时 34 分钟,2.0,5.0,-0.028316034119518996,12.12,3.61,-67.21%,5.37,2021-01-01_2025-01-01
470,0.53,-0.32,-86.65%,2023-06-15 10:00:00,2024-01-11 12:00:00,-0.37,7.0,14.0,33.33%,15.84%,4.38,478.59%,-58.05%,74 天 1 小时 0 分钟,0 天 3 小时 0 分钟,28 天 6 小时 17 分钟,2.0,5.0,-0.031698515945191796,12.12,3.61,-67.21%,5.37,2021-01-01_2025-01-01
32,0.53,-0.33,-88.99%,2024-03-05 01:00:00,2024-08-22 15:00:00,-0.37,104.0,202.0,33.99%,0.62%,2.31,153.25%,-37.60%,10 天 4 小时 0 分钟,0 天 0 小时 0 分钟,1 天 21 小时 45 分钟,6.0,14.0,-0.031906065138361916,12.12,3.61,-67.21%,5.37,2021-01-01_2025-01-01
30,0.56,-0.3,-79.59%,2024-03-05 01:00:00,2024-08-21 21:00:00,-0.38,103.0,201.0,33.88%,0.62%,2.32,138.49%,-42.52%,9 天 23 小时 0 分钟,0 天 0 小时 0 分钟,1 天 22 小时 4 分钟,6.0,10.0,-0.028724317898420115,12.12,3.61,-67.21%,5.37,2021-01-01_2025-01-01
280,0.49,-0.36,-88.96%,2023-06-15 10:00:00,2024-01-11 12:00:00,-0.4,11.0,26.0,29.73%,11.94%,4.96,587.78%,-57.31%,43 天 12 小时 0 分钟,0 天 3 小时 0 分钟,16 天 1 小时 42 分钟,2.0,4.0,-0.03547443838254116,12.12,3.61,-67.21%,5.37,2021-01-01_2025-01-01
454,0.48,-0.37,-86.43%,2023-06-15 10:00:00,2024-01-11 12:00:00,-0.42,7.0,14.0,33.33%,15.92%,4.3,472.13%,-51.91%,73 天 15 小时 0 分钟,0 天 3 小时 0 分钟,28 天 3 小时 31 分钟,2.0,5.0,-0.036734312965227,12.12,3.61,-67.21%,5.37,2021-01-01_2025-01-01
466,0.48,-0.36,-86.34%,2023-06-15 10:00:00,2024-01-11 12:00:00,-0.42,7.0,14.0,33.33%,16.16%,4.36,480.38%,-56.56%,73 天 23 小时 0 分钟,0 天 3 小时 0 分钟,28 天 4 小时 0 分钟,2.0,5.0,-0.03600128573571981,12.12,3.61,-67.21%,5.37,2021-01-01_2025-01-01
468,0.48,-0.36,-86.55%,2023-06-15 10:00:00,2024-01-11 12:00:00,-0.42,7.0,14.0,33.33%,16.12%,4.35,479.66%,-58.55%,74 天 0 小时 0 分钟,0 天 3 小时 0 分钟,28 天 3 小时 57 分钟,2.0,5.0,-0.036540286633170105,12.12,3.61,-67.21%,5.37,2021-01-01_2025-01-01
272,0.48,-0.36,-86.51%,2023-06-15 10:00:00,2024-01-11 12:00:00,-0.42,11.0,26.0,29.73%,11.47%,4.77,580.08%,-55.40%,43 天 11 小时 0 分钟,0 天 3 小时 0 分钟,16 天 1 小时 45 分钟,2.0,4.0,-0.03656845003760778,12.12,3.61,-67.21%,5.37,2021-01-01_2025-01-01
274,0.44,-0.4,-88.21%,2023-06-15 10:00:00,2024-01-11 12:00:00,-0.45,11.0,26.0,29.73%,11.74%,4.79,597.60%,-57.83%,43 天 12 小时 0 分钟,0 天 3 小时 0 分钟,16 天 1 小时 43 分钟,2.0,4.0,-0.040822126310382956,12.12,3.61,-67.21%,5.37,2021-01-01_2025-01-01
472,0.42,-0.41,-86.96%,2023-06-15 10:00:00,2024-01-11 12:00:00,-0.47,7.0,14.0,33.33%,14.78%,4.11,475.29%,-58.72%,74 天 1 小时 0 分钟,0 天 3 小时 0 分钟,28 天 6 小时 17 分钟,2.0,5.0,-0.04258549410995738,12.12,3.61,-67.21%,5.37,2021-01-01_2025-01-01
458,0.41,-0.42,-87.76%,2023-06-15 10:00:00,2024-01-11 12:00:00,-0.48,7.0,14.0,33.33%,14.71%,4.08,450.03%,-57.00%,73 天 17 小时 0 分钟,0 天 3 小时 0 分钟,28 天 3 小时 8 分钟,2.0,5.0,-0.04370092148986726,12.12,3.61,-67.21%,5.37,2021-01-01_2025-01-01
18,0.46,-0.38,-78.26%,2023-06-06 12:00:00,2024-01-10 08:00:00,-0.48,155.0,335.0,31.63%,0.23%,2.37,128.04%,-23.22%,6 天 1 小时 0 分钟,0 天 0 小时 0 分钟,1 天 4 小时 12 分钟,4.0,10.0,-0.038128073961521514,12.12,3.61,-67.21%,5.37,2021-01-01_2025-01-01
476,0.42,-0.42,-86.11%,2023-06-15 10:00:00,2024-01-11 12:00:00,-0.48,7.0,14.0,33.33%,14.23%,4.07,462.47%,-59.27%,74 天 4 小时 0 分钟,0 天 3 小时 0 分钟,28 天 6 小时 17 分钟,2.0,5.0,-0.04320989663678143,12.12,3.61,-67.21%,5.37,2021-01-01_2025-01-01
474,0.39,-0.44,-87.60%,2023-06-15 10:00:00,2024-01-11 12:00:00,-0.5,7.0,14.0,33.33%,14.33%,4.05,471.25%,-59.68%,74 天 2 小时 0 分钟,0 天 3 小时 0 分钟,28 天 6 小时 17 分钟,2.0,5.0,-0.04587978289721406,12.12,3.61,-67.21%,5.37,2021-01-01_2025-01-01
462,0.37,-0.45,-88.28%,2023-06-15 10:00:00,2024-01-11 12:00:00,-0.51,7.0,14.0,33.33%,14.73%,4.05,462.01%,-56.92%,73 天 19 小时 0 分钟,0 天 3 小时 0 分钟,28 天 3 小时 0 分钟,2.0,5.0,-0.04823215506606626,12.12,3.61,-67.21%,5.37,2021-01-01_2025-01-01
478,0.39,-0.44,-85.89%,2023-06-15 10:00:00,2024-01-11 12:00:00,-0.51,7.0,14.0,33.33%,13.43%,3.9,446.01%,-59.58%,74 天 4 小时 0 分钟,0 天 3 小时 0 分钟,28 天 6 小时 14 分钟,2.0,5.0,-0.046699139764561526,12.12,3.61,-67.21%,5.37,2021-01-01_2025-01-01
456,0.37,-0.46,-88.96%,2023-06-15 10:00:00,2024-01-11 12:00:00,-0.52,7.0,14.0,33.33%,14.74%,4.04,460.14%,-56.82%,73 天 17 小时 0 分钟,0 天 3 小时 0 分钟,28 天 3 小时 11 分钟,2.0,5.0,-0.049157149810907574,12.12,3.61,-67.21%,5.37,2021-01-01_2025-01-01
464,0.35,-0.48,-89.01%,2023-06-15 10:00:00,2024-01-11 12:00:00,-0.54,7.0,14.0,33.33%,14.25%,3.95,455.37%,-58.20%,73 天 21 小时 0 分钟,0 天 3 小时 0 分钟,28 天 3 小时 8 分钟,2.0,5.0,-0.05210502021452612,12.12,3.61,-67.21%,5.37,2021-01-01_2025-01-01
482,0.34,-0.48,-88.00%,2024-03-14 06:00:00,2024-11-13 06:00:00,-0.55,7.0,14.0,33.33%,13.30%,3.84,453.16%,-57.85%,74 天 6 小时 0 分钟,0 天 3 小时 0 分钟,28 天 6 小时 14 分钟,2.0,5.0,-0.05241803585938176,12.12,3.61,-67.21%,5.37,2021-01-01_2025-01-01
460,0.33,-0.5,-89.41%,2023-06-15 10:00:00,2024-01-11 12:00:00,-0.55,7.0,14.0,33.33%,14.27%,3.92,461.49%,-55.86%,73 天 18 小时 0 分钟,0 天 3 小时 0 分钟,28 天 3 小时 5 分钟,2.0,5.0,-0.054624699713452074,12.12,3.61,-67.21%,5.37,2021-01-01_2025-01-01
276,0.32,-0.5,-89.62%,2023-06-15 10:00:00,2024-01-11 12:00:00,-0.56,11.0,26.0,29.73%,10.99%,4.55,597.09%,-57.51%,43 天 12 小时 0 分钟,0 天 3 小时 0 分钟,16 天 1 小时 43 分钟,2.0,4.0,-0.055179147889291125,12.12,3.61,-67.21%,5.37,2021-01-01_2025-01-01
20,0.37,-0.46,-81.19%,2023-06-22 17:00:00,2024-01-10 01:00:00,-0.56,152.0,296.0,33.93%,0.21%,2.1,123.61%,-26.62%,7 天 1 小时 0 分钟,0 天 0 小时 0 分钟,1 天 6 小时 56 分钟,5.0,11.0,-0.049066626818978554,12.12,3.61,-67.21%,5.37,2021-01-01_2025-01-01
278,0.31,-0.51,-89.34%,2023-06-15 10:00:00,2024-01-11 12:00:00,-0.57,11.0,26.0,29.73%,11.17%,4.6,597.28%,-57.98%,43 天 12 小时 0 分钟,0 天 3 小时 0 分钟,16 天 1 小时 42 分钟,2.0,4.0,-0.05705132851944361,12.12,3.61,-67.21%,5.37,2021-01-01_2025-01-01
484,0.32,-0.5,-88.25%,2024-03-14 06:00:00,2024-11-13 06:00:00,-0.57,7.0,14.0,33.33%,13.98%,3.89,471.96%,-58.60%,74 天 7 小时 0 分钟,0 天 3 小时 0 分钟,28 天 6 小时 14 分钟,2.0,5.0,-0.05568734726204172,12.12,3.61,-67.21%,5.37,2021-01-01_2025-01-01
480,0.31,-0.51,-87.14%,2024-03-14 06:00:00,2024-11-13 06:00:00,-0.59,7.0,14.0,33.33%,13.12%,3.79,461.08%,-59.85%,74 天 5 小时 0 分钟,0 天 3 小时 0 分钟,28 天 6 小时 14 分钟,2.0,5.0,-0.05719844636599247,12.12,3.61,-67.21%,5.37,2021-01-01_2025-01-01
486,0.28,-0.54,-89.28%,2023-06-15 10:00:00,2024-01-11 12:00:00,-0.6,7.0,14.0,33.33%,13.35%,3.78,464.43%,-58.45%,74 天 9 小时 0 分钟,0 天 3 小时 0 分钟,28 天 5 小时 14 分钟,2.0,5.0,-0.06150274365159736,12.12,3.61,-67.21%,5.37,2021-01-01_2025-01-01
498,0.29,-0.53,-88.06%,2023-06-15 10:00:00,2023-12-18 10:00:00,-0.6,7.0,14.0,33.33%,13.22%,3.78,457.87%,-58.66%,74 天 17 小时 0 分钟,0 天 3 小时 0 分钟,28 天 5 小时 5 分钟,2.0,5.0,-0.06039051120854255,12.12,3.61,-67.21%,5.37,2021-01-01_2025-01-01
488,0.24,-0.58,-89.05%,2023-06-15 10:00:00,2024-01-11 12:00:00,-0.65,7.0,14.0,33.33%,11.86%,3.53,446.15%,-57.68%,74 天 11 小时 0 分钟,0 天 3 小时 0 分钟,28 天 5 小时 0 分钟,2.0,5.0,-0.06899325740974804,12.12,3.61,-67.21%,5.37,2021-01-01_2025-01-01
16,0.24,-0.58,-86.80%,2023-06-06 12:00:00,2024-01-10 08:00:00,-0.67,169.0,375.0,31.07%,0.11%,2.32,129.03%,-36.48%,6 天 0 小时 0 分钟,0 天 0 小时 0 分钟,1 天 1 小时 18 分钟,4.0,11.0,-0.06849366899981979,12.12,3.61,-67.21%,5.37,2021-01-01_2025-01-01
492,0.21,-0.61,-89.77%,2024-03-14 06:00:00,2024-11-13 06:00:00,-0.68,7.0,14.0,33.33%,11.72%,3.49,456.82%,-58.97%,74 天 13 小时 0 分钟,0 天 3 小时 0 分钟,28 天 5 小时 0 分钟,2.0,5.0,-0.0745686346301897,12.12,3.61,-67.21%,5.37,2021-01-01_2025-01-01
496,0.22,-0.6,-89.05%,2024-03-14 06:00:00,2024-11-13 06:00:00,-0.68,7.0,14.0,33.33%,11.15%,3.45,436.36%,-59.45%,74 天 15 小时 0 分钟,0 天 3 小时 0 分钟,28 天 5 小时 2 分钟,2.0,5.0,-0.07308691081857155,12.12,3.61,-67.21%,5.37,2021-01-01_2025-01-01
12,0.19,-0.63,-91.81%,2023-06-23 13:00:00,2024-12-31 07:00:00,-0.69,251.0,493.0,33.74%,0.05%,2.01,119.08%,-39.69%,4 天 4 小时 0 分钟,0 天 0 小时 0 分钟,0 天 18 小时 14 分钟,6.0,13.0,-0.0790862198219684,12.12,3.61,-67.21%,5.37,2021-01-01_2025-01-01
490,0.2,-0.63,-90.44%,2024-03-14 06:00:00,2024-11-13 06:00:00,-0.7,7.0,14.0,33.33%,10.83%,3.35,437.55%,-60.64%,74 天 12 小时 0 分钟,0 天 3 小时 0 分钟,28 天 5 小时 0 分钟,2.0,5.0,-0.07886084594060405,12.12,3.61,-67.21%,5.37,2021-01-01_2025-01-01
494,0.2,-0.63,-89.61%,2024-03-14 06:00:00,2024-11-13 06:00:00,-0.71,7.0,14.0,33.33%,11.17%,3.41,450.76%,-59.07%,74 天 14 小时 0 分钟,0 天 3 小时 0 分钟,28 天 5 小时 2 分钟,2.0,5.0,-0.07899158481656343,12.12,3.61,-67.21%,5.37,2021-01-01_2025-01-01
24,0.09,-0.76,-93.66%,2023-06-24 12:00:00,2024-12-17 09:00:00,-0.82,124.0,260.0,32.29%,-0.07%,2.05,121.36%,-38.77%,7 天 13 小时 0 分钟,0 天 0 小时 0 分钟,1 天 12 小时 15 分钟,4.0,10.0,-0.11213885925392486,12.12,3.61,-67.21%,5.37,2021-01-01_2025-01-01
22,0.08,-0.79,-93.40%,2023-06-06 12:00:00,2024-12-31 10:00:00,-0.84,134.0,278.0,32.52%,-0.10%,2.0,126.91%,-38.78%,7 天 12 小时 0 分钟,0 天 0 小时 0 分钟,1 天 9 小时 43 分钟,4.0,11.0,-0.11972942234850281,12.12,3.61,-67.21%,5.37,2021-01-01_2025-01-01
10,0.01,-0.96,-99.55%,2023-06-22 17:00:00,2024-12-31 06:00:00,-0.96,301.0,621.0,32.65%,-0.33%,1.74,117.29%,-41.56%,3 天 4 小时 0 分钟,0 天 0 小时 0 分钟,0 天 14 小时 31 分钟,6.0,13.0,-0.22623354732984047,12.12,3.61,-67.21%,5.37,2021-01-01_2025-01-01
6,0.0,-0.99,-99.98%,2023-06-10 12:00:00,2024-12-31 07:00:00,-0.99,466.0,1121.0,29.36%,-0.41%,1.83,83.93%,-16.32%,1 天 20 小时 0 分钟,0 天 0 小时 0 分钟,0 天 8 小时 1 分钟,4.0,17.0,-0.34699196070964866,12.12,3.61,-67.21%,5.37,2021-01-01_2025-01-01
4,0.0,-1.0,-100.00%,2023-05-16 00:00:00,2024-12-31 07:00:00,-1.0,688.0,1735.0,28.39%,-0.40%,1.8,47.48%,-15.54%,1 天 5 小时 0 分钟,0 天 0 小时 0 分钟,0 天 4 小时 54 分钟,5.0,20.0,-0.437269836121555,12.12,3.61,-67.21%,5.37,2021-01-01_2025-01-01
8,0.0,-1.0,-99.99%,2023-05-16 00:00:00,2024-12-31 06:00:00,-1.0,360.0,819.0,30.53%,-0.58%,1.61,107.92%,-41.26%,2 天 18 小时 0 分钟,0 天 0 小时 0 分钟,0 天 11 小时 8 分钟,6.0,15.0,-0.3569430632518963,12.12,3.61,-67.21%,5.37,2021-01-01_2025-01-01
2,0.0,-1.0,-100.00%,2023-05-16 00:00:00,2025-01-01 00:00:00,-1.0,1395.0,3678.0,27.50%,-0.34%,1.72,39.84%,-13.66%,0 天 16 小时 0 分钟,0 天 0 小时 0 分钟,0 天 1 小时 49 分钟,8.0,26.0,-0.6111811187373826,12.12,3.61,-67.21%,5.37,2021-01-01_2025-01-01
